surrogate_key,sasdate,date_key,word_date,date,year,quarter,month,day_of_month,week,day_of_week,weekday,month_and_year,holiday,timezone_id,timezone,timezone_offset
0,21915,10120,"January 1, 2020",2020-01-01,2020,1,1,1,0,Wed,4,JAN1960,NEWYEAR,ETC/GMT+7,GMT-07:00,-25200
1,21916,10220,"January 2, 2020",2020-01-02,2020,1,1,2,0,Thu,5,JAN1960,No,ETC/GMT+7,GMT-07:00,-25200
2,21917,10320,"January 3, 2020",2020-01-03,2020,1,1,3,0,Fri,6,JAN1960,No,ETC/GMT+7,GMT-07:00,-25200
3,21918,10420,"January 4, 2020",2020-01-04,2020,1,1,4,0,Sat,7,JAN1960,No,ETC/GMT+7,GMT-07:00,-25200
4,21919,10520,"January 5, 2020",2020-01-05,2020,1,1,5,1,Sun,1,JAN1960,No,ETC/GMT+7,GMT-07:00,-25200
5,21920,10620,"January 6, 2020",2020-01-06,2020,1,1,6,1,Mon,2,JAN1960,No,ETC/GMT+7,GMT-07:00,-25200
6,21921,10720,"January 7, 2020",2020-01-07,2020,1,1,7,1,Tue,3,JAN1960,No,ETC/GMT+7,GMT-07:00,-25200
7,21922,10820,"January 8, 2020",2020-01-08,2020,1,1,8,1,Wed,4,JAN1960,No,ETC/GMT+7,GMT-07:00,-25200
8,21923,10920,"January 9, 2020",2020-01-09,2020,1,1,9,1,Thu,5,JAN1960,No,ETC/GMT+7,GMT-07:00,-25200
9,21924,11020,"January 10, 2020",2020-01-10,2020,1,1,10,1,Fri,6,JAN1960,No,ETC/GMT+7,GMT-07:00,-25200
10,21925,11120,"January 11, 2020",2020-01-11,2020,1,1,11,1,Sat,7,JAN1960,No,ETC/GMT+7,GMT-07:00,-25200
11,21926,11220,"January 12, 2020",2020-01-12,2020,1,1,12,2,Sun,1,JAN1960,No,ETC/GMT+7,GMT-07:00,-25200
12,21927,11320,"January 13, 2020",2020-01-13,2020,1,1,13,2,Mon,2,JAN1960,No,ETC/GMT+7,GMT-07:00,-25200
13,21928,11420,"January 14, 2020",2020-01-14,2020,1,1,14,2,Tue,3,JAN1960,No,ETC/GMT+7,GMT-07:00,-25200
14,21929,11520,"January 15, 2020",2020-01-15,2020,1,1,15,2,Wed,4,JAN1960,No,ETC/GMT+7,GMT-07:00,-25200
15,21930,11620,"January 16, 2020",2020-01-16,2020,1,1,16,2,Thu,5,JAN1960,No,ETC/GMT+7,GMT-07:00,-25200
16,21931,11720,"January 17, 2020",2020-01-17,2020,1,1,17,2,Fri,6,JAN1960,No,ETC/GMT+7,GMT-07:00,-25200
17,21932,11820,"January 18, 2020",2020-01-18,2020,1,1,18,2,Sat,7,JAN1960,No,ETC/GMT+7,GMT-07:00,-25200
18,21933,11920,"January 19, 2020",2020-01-19,2020,1,1,19,3,Sun,1,JAN1960,No,ETC/GMT+7,GMT-07:00,-25200
19,21934,12020,"January 20, 2020",2020-01-20,2020,1,1,20,3,Mon,2,JAN1960,MLK,ETC/GMT+7,GMT-07:00,-25200
20,21935,12120,"January 21, 2020",2020-01-21,2020,1,1,21,3,Tue,3,JAN1960,No,ETC/GMT+7,GMT-07:00,-25200
21,21936,12220,"January 22, 2020",2020-01-22,2020,1,1,22,3,Wed,4,JAN1960,No,ETC/GMT+7,GMT-07:00,-25200
22,21937,12320,"January 23, 2020",2020-01-23,2020,1,1,23,3,Thu,5,JAN1960,No,ETC/GMT+7,GMT-07:00,-25200
23,21938,12420,"January 24, 2020",2020-01-24,2020,1,1,24,3,Fri,6,JAN1960,No,ETC/GMT+7,GMT-07:00,-25200
24,21939,12520,"January 25, 2020",2020-01-25,2020,1,1,25,3,Sat,7,JAN1960,No,ETC/GMT+7,GMT-07:00,-25200
25,21940,12620,"January 26, 2020",2020-01-26,2020,1,1,26,4,Sun,1,JAN1960,No,ETC/GMT+7,GMT-07:00,-25200
26,21941,12720,"January 27, 2020",2020-01-27,2020,1,1,27,4,Mon,2,JAN1960,No,ETC/GMT+7,GMT-07:00,-25200
27,21942,12820,"January 28, 2020",2020-01-28,2020,1,1,28,4,Tue,3,JAN1960,No,ETC/GMT+7,GMT-07:00,-25200
28,21943,12920,"January 29, 2020",2020-01-29,2020,1,1,29,4,Wed,4,JAN1960,No,ETC/GMT+7,GMT-07:00,-25200
29,21944,13020,"January 30, 2020",2020-01-30,2020,1,1,30,4,Thu,5,JAN1960,No,ETC/GMT+7,GMT-07:00,-25200
30,21945,13120,"January 31, 2020",2020-01-31,2020,1,1,31,4,Fri,6,JAN1960,No,ETC/GMT+7,GMT-07:00,-25200
31,21946,20120,"February 1, 2020",2020-02-01,2020,1,2,1,4,Sat,7,JAN1960,No,ETC/GMT+7,GMT-07:00,-25200
32,21947,20220,"February 2, 2020",2020-02-02,2020,1,2,2,5,Sun,1,JAN1960,No,ETC/GMT+7,GMT-07:00,-25200
33,21948,20320,"February 3, 2020",2020-02-03,2020,1,2,3,5,Mon,2,JAN1960,No,ETC/GMT+7,GMT-07:00,-25200
34,21949,20420,"February 4, 2020",2020-02-04,2020,1,2,4,5,Tue,3,JAN1960,No,ETC/GMT+7,GMT-07:00,-25200
35,21950,20520,"February 5, 2020",2020-02-05,2020,1,2,5,5,Wed,4,JAN1960,No,ETC/GMT+7,GMT-07:00,-25200
36,21951,20620,"February 6, 2020",2020-02-06,2020,1,2,6,5,Thu,5,JAN1960,No,ETC/GMT+7,GMT-07:00,-25200
37,21952,20720,"February 7, 2020",2020-02-07,2020,1,2,7,5,Fri,6,JAN1960,No,ETC/GMT+7,GMT-07:00,-25200
38,21953,20820,"February 8, 2020",2020-02-08,2020,1,2,8,5,Sat,7,JAN1960,No,ETC/GMT+7,GMT-07:00,-25200
39,21954,20920,"February 9, 2020",2020-02-09,2020,1,2,9,6,Sun,1,JAN1960,No,ETC/GMT+7,GMT-07:00,-25200
40,21955,21020,"February 10, 2020",2020-02-10,2020,1,2,10,6,Mon,2,JAN1960,No,ETC/GMT+7,GMT-07:00,-25200
41,21956,21120,"February 11, 2020",2020-02-11,2020,1,2,11,6,Tue,3,JAN1960,No,ETC/GMT+7,GMT-07:00,-25200
42,21957,21220,"February 12, 2020",2020-02-12,2020,1,2,12,6,Wed,4,JAN1960,No,ETC/GMT+7,GMT-07:00,-25200
43,21958,21320,"February 13, 2020",2020-02-13,2020,1,2,13,6,Thu,5,JAN1960,No,ETC/GMT+7,GMT-07:00,-25200
44,21959,21420,"February 14, 2020",2020-02-14,2020,1,2,14,6,Fri,6,JAN1960,VALENTINES,ETC/GMT+7,GMT-07:00,-25200
45,21960,21520,"February 15, 2020",2020-02-15,2020,1,2,15,6,Sat,7,JAN1960,No,ETC/GMT+7,GMT-07:00,-25200
46,21961,21620,"February 16, 2020",2020-02-16,2020,1,2,16,7,Sun,1,JAN1960,No,ETC/GMT+7,GMT-07:00,-25200
47,21962,21720,"February 17, 2020",2020-02-17,2020,1,2,17,7,Mon,2,JAN1960,USPRESIDENTS,ETC/GMT+7,GMT-07:00,-25200
48,21963,21820,"February 18, 2020",2020-02-18,2020,1,2,18,7,Tue,3,JAN1960,No,ETC/GMT+7,GMT-07:00,-25200
49,21964,21920,"February 19, 2020",2020-02-19,2020,1,2,19,7,Wed,4,JAN1960,No,ETC/GMT+7,GMT-07:00,-25200
50,21965,22020,"February 20, 2020",2020-02-20,2020,1,2,20,7,Thu,5,JAN1960,No,ETC/GMT+7,GMT-07:00,-25200
51,21966,22120,"February 21, 2020",2020-02-21,2020,1,2,21,7,Fri,6,JAN1960,No,ETC/GMT+7,GMT-07:00,-25200
52,21967,22220,"February 22, 2020",2020-02-22,2020,1,2,22,7,Sat,7,JAN1960,No,ETC/GMT+7,GMT-07:00,-25200
53,21968,22320,"February 23, 2020",2020-02-23,2020,1,2,23,8,Sun,1,JAN1960,No,ETC/GMT+7,GMT-07:00,-25200
54,21969,22420,"February 24, 2020",2020-02-24,2020,1,2,24,8,Mon,2,JAN1960,No,ETC/GMT+7,GMT-07:00,-25200
55,21970,22520,"February 25, 2020",2020-02-25,2020,1,2,25,8,Tue,3,JAN1960,No,ETC/GMT+7,GMT-07:00,-25200
56,21971,22620,"February 26, 2020",2020-02-26,2020,1,2,26,8,Wed,4,JAN1960,No,ETC/GMT+7,GMT-07:00,-25200
57,21972,22720,"February 27, 2020",2020-02-27,2020,1,2,27,8,Thu,5,JAN1960,No,ETC/GMT+7,GMT-07:00,-25200
58,21973,22820,"February 28, 2020",2020-02-28,2020,1,2,28,8,Fri,6,JAN1960,No,ETC/GMT+7,GMT-07:00,-25200
59,21974,22920,"February 29, 2020",2020-02-29,2020,1,2,29,8,Sat,7,JAN1960,No,ETC/GMT+7,GMT-07:00,-25200
60,21975,30120,"March 1, 2020",2020-03-01,2020,1,3,1,9,Sun,1,JAN1960,No,ETC/GMT+7,GMT-07:00,-25200
61,21976,30220,"March 2, 2020",2020-03-02,2020,1,3,2,9,Mon,2,JAN1960,No,ETC/GMT+7,GMT-07:00,-25200
62,21977,30320,"March 3, 2020",2020-03-03,2020,1,3,3,9,Tue,3,JAN1960,No,ETC/GMT+7,GMT-07:00,-25200
63,21978,30420,"March 4, 2020",2020-03-04,2020,1,3,4,9,Wed,4,JAN1960,No,ETC/GMT+7,GMT-07:00,-25200
64,21979,30520,"March 5, 2020",2020-03-05,2020,1,3,5,9,Thu,5,JAN1960,No,ETC/GMT+7,GMT-07:00,-25200
65,21980,30620,"March 6, 2020",2020-03-06,2020,1,3,6,9,Fri,6,JAN1960,No,ETC/GMT+7,GMT-07:00,-25200
66,21981,30720,"March 7, 2020",2020-03-07,2020,1,3,7,9,Sat,7,JAN1960,No,ETC/GMT+7,GMT-07:00,-25200
67,21982,30820,"March 8, 2020",2020-03-08,2020,1,3,8,10,Sun,1,JAN1960,No,ETC/GMT+7,GMT-07:00,-25200
68,21983,30920,"March 9, 2020",2020-03-09,2020,1,3,9,10,Mon,2,JAN1960,No,ETC/GMT+7,GMT-07:00,-25200
69,21984,31020,"March 10, 2020",2020-03-10,2020,1,3,10,10,Tue,3,JAN1960,No,ETC/GMT+7,GMT-07:00,-25200
70,21985,31120,"March 11, 2020",2020-03-11,2020,1,3,11,10,Wed,4,JAN1960,No,ETC/GMT+7,GMT-07:00,-25200
71,21986,31220,"March 12, 2020",2020-03-12,2020,1,3,12,10,Thu,5,JAN1960,No,ETC/GMT+7,GMT-07:00,-25200
72,21987,31320,"March 13, 2020",2020-03-13,2020,1,3,13,10,Fri,6,JAN1960,No,ETC/GMT+7,GMT-07:00,-25200
73,21988,31420,"March 14, 2020",2020-03-14,2020,1,3,14,10,Sat,7,JAN1960,No,ETC/GMT+7,GMT-07:00,-25200
74,21989,31520,"March 15, 2020",2020-03-15,2020,1,3,15,11,Sun,1,JAN1960,No,ETC/GMT+7,GMT-07:00,-25200
75,21990,31620,"March 16, 2020",2020-03-16,2020,1,3,16,11,Mon,2,JAN1960,No,ETC/GMT+7,GMT-07:00,-25200
76,21991,31720,"March 17, 2020",2020-03-17,2020,1,3,17,11,Tue,3,JAN1960,No,ETC/GMT+7,GMT-07:00,-25200
77,21992,31820,"March 18, 2020",2020-03-18,2020,1,3,18,11,Wed,4,JAN1960,No,ETC/GMT+7,GMT-07:00,-25200
78,21993,31920,"March 19, 2020",2020-03-19,2020,1,3,19,11,Thu,5,JAN1960,No,ETC/GMT+7,GMT-07:00,-25200
79,21994,32020,"March 20, 2020",2020-03-20,2020,1,3,20,11,Fri,6,JAN1960,No,ETC/GMT+7,GMT-07:00,-25200
80,21995,32120,"March 21, 2020",2020-03-21,2020,1,3,21,11,Sat,7,JAN1960,No,ETC/GMT+7,GMT-07:00,-25200
81,21996,32220,"March 22, 2020",2020-03-22,2020,1,3,22,12,Sun,1,JAN1960,No,ETC/GMT+7,GMT-07:00,-25200
82,21997,32320,"March 23, 2020",2020-03-23,2020,1,3,23,12,Mon,2,JAN1960,No,ETC/GMT+7,GMT-07:00,-25200
83,21998,32420,"March 24, 2020",2020-03-24,2020,1,3,24,12,Tue,3,JAN1960,No,ETC/GMT+7,GMT-07:00,-25200
84,21999,32520,"March 25, 2020",2020-03-25,2020,1,3,25,12,Wed,4,JAN1960,No,ETC/GMT+7,GMT-07:00,-25200
85,22000,32620,"March 26, 2020",2020-03-26,2020,1,3,26,12,Thu,5,JAN1960,No,ETC/GMT+7,GMT-07:00,-25200
86,22001,32720,"March 27, 2020",2020-03-27,2020,1,3,27,12,Fri,6,JAN1960,No,ETC/GMT+7,GMT-07:00,-25200
87,22002,32820,"March 28, 2020",2020-03-28,2020,1,3,28,12,Sat,7,JAN1960,No,ETC/GMT+7,GMT-07:00,-25200
88,22003,32920,"March 29, 2020",2020-03-29,2020,1,3,29,13,Sun,1,JAN1960,No,ETC/GMT+7,GMT-07:00,-25200
89,22004,33020,"March 30, 2020",2020-03-30,2020,1,3,30,13,Mon,2,JAN1960,No,ETC/GMT+7,GMT-07:00,-25200
90,22005,33120,"March 31, 2020",2020-03-31,2020,1,3,31,13,Tue,3,JAN1960,No,ETC/GMT+7,GMT-07:00,-25200
91,22006,40120,"April 1, 2020",2020-04-01,2020,2,4,1,13,Wed,4,JAN1960,No,ETC/GMT+7,GMT-07:00,-25200
92,22007,40220,"April 2, 2020",2020-04-02,2020,2,4,2,13,Thu,5,JAN1960,No,ETC/GMT+7,GMT-07:00,-25200
93,22008,40320,"April 3, 2020",2020-04-03,2020,2,4,3,13,Fri,6,JAN1960,No,ETC/GMT+7,GMT-07:00,-25200
94,22009,40420,"April 4, 2020",2020-04-04,2020,2,4,4,13,Sat,7,JAN1960,No,ETC/GMT+7,GMT-07:00,-25200
95,22010,40520,"April 5, 2020",2020-04-05,2020,2,4,5,14,Sun,1,JAN1960,No,ETC/GMT+7,GMT-07:00,-25200
96,22011,40620,"April 6, 2020",2020-04-06,2020,2,4,6,14,Mon,2,JAN1960,No,ETC/GMT+7,GMT-07:00,-25200
97,22012,40720,"April 7, 2020",2020-04-07,2020,2,4,7,14,Tue,3,JAN1960,No,ETC/GMT+7,GMT-07:00,-25200
98,22013,40820,"April 8, 2020",2020-04-08,2020,2,4,8,14,Wed,4,JAN1960,No,ETC/GMT+7,GMT-07:00,-25200
99,22014,40920,"April 9, 2020",2020-04-09,2020,2,4,9,14,Thu,5,JAN1960,No,ETC/GMT+7,GMT-07:00,-25200
100,22015,41020,"April 10, 2020",2020-04-10,2020,2,4,10,14,Fri,6,JAN1960,No,ETC/GMT+7,GMT-07:00,-25200
101,22016,41120,"April 11, 2020",2020-04-11,2020,2,4,11,14,Sat,7,JAN1960,No,ETC/GMT+7,GMT-07:00,-25200
102,22017,41220,"April 12, 2020",2020-04-12,2020,2,4,12,15,Sun,1,JAN1960,EASTER,ETC/GMT+7,GMT-07:00,-25200
103,22018,41320,"April 13, 2020",2020-04-13,2020,2,4,13,15,Mon,2,JAN1960,No,ETC/GMT+7,GMT-07:00,-25200
104,22019,41420,"April 14, 2020",2020-04-14,2020,2,4,14,15,Tue,3,JAN1960,No,ETC/GMT+7,GMT-07:00,-25200
105,22020,41520,"April 15, 2020",2020-04-15,2020,2,4,15,15,Wed,4,JAN1960,No,ETC/GMT+7,GMT-07:00,-25200
106,22021,41620,"April 16, 2020",2020-04-16,2020,2,4,16,15,Thu,5,JAN1960,No,ETC/GMT+7,GMT-07:00,-25200
107,22022,41720,"April 17, 2020",2020-04-17,2020,2,4,17,15,Fri,6,JAN1960,No,ETC/GMT+7,GMT-07:00,-25200
108,22023,41820,"April 18, 2020",2020-04-18,2020,2,4,18,15,Sat,7,JAN1960,No,ETC/GMT+7,GMT-07:00,-25200
109,22024,41920,"April 19, 2020",2020-04-19,2020,2,4,19,16,Sun,1,JAN1960,No,ETC/GMT+7,GMT-07:00,-25200
110,22025,42020,"April 20, 2020",2020-04-20,2020,2,4,20,16,Mon,2,JAN1960,No,ETC/GMT+7,GMT-07:00,-25200
111,22026,42120,"April 21, 2020",2020-04-21,2020,2,4,21,16,Tue,3,JAN1960,No,ETC/GMT+7,GMT-07:00,-25200
112,22027,42220,"April 22, 2020",2020-04-22,2020,2,4,22,16,Wed,4,JAN1960,No,ETC/GMT+7,GMT-07:00,-25200
113,22028,42320,"April 23, 2020",2020-04-23,2020,2,4,23,16,Thu,5,JAN1960,No,ETC/GMT+7,GMT-07:00,-25200
114,22029,42420,"April 24, 2020",2020-04-24,2020,2,4,24,16,Fri,6,JAN1960,No,ETC/GMT+7,GMT-07:00,-25200
115,22030,42520,"April 25, 2020",2020-04-25,2020,2,4,25,16,Sat,7,JAN1960,No,ETC/GMT+7,GMT-07:00,-25200
116,22031,42620,"April 26, 2020",2020-04-26,2020,2,4,26,17,Sun,1,JAN1960,No,ETC/GMT+7,GMT-07:00,-25200
117,22032,42720,"April 27, 2020",2020-04-27,2020,2,4,27,17,Mon,2,JAN1960,No,ETC/GMT+7,GMT-07:00,-25200
118,22033,42820,"April 28, 2020",2020-04-28,2020,2,4,28,17,Tue,3,JAN1960,No,ETC/GMT+7,GMT-07:00,-25200
119,22034,42920,"April 29, 2020",2020-04-29,2020,2,4,29,17,Wed,4,JAN1960,No,ETC/GMT+7,GMT-07:00,-25200
120,22035,43020,"April 30, 2020",2020-04-30,2020,2,4,30,17,Thu,5,JAN1960,No,ETC/GMT+7,GMT-07:00,-25200
121,22036,50120,"May 1, 2020",2020-05-01,2020,2,5,1,17,Fri,6,JAN1960,No,ETC/GMT+7,GMT-07:00,-25200
122,22037,50220,"May 2, 2020",2020-05-02,2020,2,5,2,17,Sat,7,JAN1960,No,ETC/GMT+7,GMT-07:00,-25200
123,22038,50320,"May 3, 2020",2020-05-03,2020,2,5,3,18,Sun,1,JAN1960,No,ETC/GMT+7,GMT-07:00,-25200
124,22039,50420,"May 4, 2020",2020-05-04,2020,2,5,4,18,Mon,2,JAN1960,No,ETC/GMT+7,GMT-07:00,-25200
125,22040,50520,"May 5, 2020",2020-05-05,2020,2,5,5,18,Tue,3,JAN1960,No,ETC/GMT+7,GMT-07:00,-25200
126,22041,50620,"May 6, 2020",2020-05-06,2020,2,5,6,18,Wed,4,JAN1960,No,ETC/GMT+7,GMT-07:00,-25200
127,22042,50720,"May 7, 2020",2020-05-07,2020,2,5,7,18,Thu,5,JAN1960,No,ETC/GMT+7,GMT-07:00,-25200
128,22043,50820,"May 8, 2020",2020-05-08,2020,2,5,8,18,Fri,6,JAN1960,No,ETC/GMT+7,GMT-07:00,-25200
129,22044,50920,"May 9, 2020",2020-05-09,2020,2,5,9,18,Sat,7,JAN1960,No,ETC/GMT+7,GMT-07:00,-25200
130,22045,51020,"May 10, 2020",2020-05-10,2020,2,5,10,19,Sun,1,JAN1960,MOTHERS,ETC/GMT+7,GMT-07:00,-25200
131,22046,51120,"May 11, 2020",2020-05-11,2020,2,5,11,19,Mon,2,JAN1960,No,ETC/GMT+7,GMT-07:00,-25200
132,22047,51220,"May 12, 2020",2020-05-12,2020,2,5,12,19,Tue,3,JAN1960,No,ETC/GMT+7,GMT-07:00,-25200
133,22048,51320,"May 13, 2020",2020-05-13,2020,2,5,13,19,Wed,4,JAN1960,No,ETC/GMT+7,GMT-07:00,-25200
134,22049,51420,"May 14, 2020",2020-05-14,2020,2,5,14,19,Thu,5,JAN1960,No,ETC/GMT+7,GMT-07:00,-25200
135,22050,51520,"May 15, 2020",2020-05-15,2020,2,5,15,19,Fri,6,JAN1960,No,ETC/GMT+7,GMT-07:00,-25200
136,22051,51620,"May 16, 2020",2020-05-16,2020,2,5,16,19,Sat,7,JAN1960,No,ETC/GMT+7,GMT-07:00,-25200
137,22052,51720,"May 17, 2020",2020-05-17,2020,2,5,17,20,Sun,1,JAN1960,No,ETC/GMT+7,GMT-07:00,-25200
138,22053,51820,"May 18, 2020",2020-05-18,2020,2,5,18,20,Mon,2,JAN1960,VICTORIA,ETC/GMT+7,GMT-07:00,-25200
139,22054,51920,"May 19, 2020",2020-05-19,2020,2,5,19,20,Tue,3,JAN1960,No,ETC/GMT+7,GMT-07:00,-25200
140,22055,52020,"May 20, 2020",2020-05-20,2020,2,5,20,20,Wed,4,JAN1960,No,ETC/GMT+7,GMT-07:00,-25200
141,22056,52120,"May 21, 2020",2020-05-21,2020,2,5,21,20,Thu,5,JAN1960,No,ETC/GMT+7,GMT-07:00,-25200
142,22057,52220,"May 22, 2020",2020-05-22,2020,2,5,22,20,Fri,6,JAN1960,No,ETC/GMT+7,GMT-07:00,-25200
143,22058,52320,"May 23, 2020",2020-05-23,2020,2,5,23,20,Sat,7,JAN1960,No,ETC/GMT+7,GMT-07:00,-25200
144,22059,52420,"May 24, 2020",2020-05-24,2020,2,5,24,21,Sun,1,JAN1960,No,ETC/GMT+7,GMT-07:00,-25200
145,22060,52520,"May 25, 2020",2020-05-25,2020,2,5,25,21,Mon,2,JAN1960,MEMORIAL,ETC/GMT+7,GMT-07:00,-25200
146,22061,52620,"May 26, 2020",2020-05-26,2020,2,5,26,21,Tue,3,JAN1960,No,ETC/GMT+7,GMT-07:00,-25200
147,22062,52720,"May 27, 2020",2020-05-27,2020,2,5,27,21,Wed,4,JAN1960,No,ETC/GMT+7,GMT-07:00,-25200
148,22063,52820,"May 28, 2020",2020-05-28,2020,2,5,28,21,Thu,5,JAN1960,No,ETC/GMT+7,GMT-07:00,-25200
149,22064,52920,"May 29, 2020",2020-05-29,2020,2,5,29,21,Fri,6,JAN1960,No,ETC/GMT+7,GMT-07:00,-25200
150,22065,53020,"May 30, 2020",2020-05-30,2020,2,5,30,21,Sat,7,JAN1960,No,ETC/GMT+7,GMT-07:00,-25200
151,22066,53120,"May 31, 2020",2020-05-31,2020,2,5,31,22,Sun,1,JAN1960,No,ETC/GMT+7,GMT-07:00,-25200
152,22067,60120,"June 1, 2020",2020-06-01,2020,2,6,1,22,Mon,2,JAN1960,No,ETC/GMT+7,GMT-07:00,-25200
153,22068,60220,"June 2, 2020",2020-06-02,2020,2,6,2,22,Tue,3,JAN1960,No,ETC/GMT+7,GMT-07:00,-25200
154,22069,60320,"June 3, 2020",2020-06-03,2020,2,6,3,22,Wed,4,JAN1960,No,ETC/GMT+7,GMT-07:00,-25200
155,22070,60420,"June 4, 2020",2020-06-04,2020,2,6,4,22,Thu,5,JAN1960,No,ETC/GMT+7,GMT-07:00,-25200
156,22071,60520,"June 5, 2020",2020-06-05,2020,2,6,5,22,Fri,6,JAN1960,No,ETC/GMT+7,GMT-07:00,-25200
157,22072,60620,"June 6, 2020",2020-06-06,2020,2,6,6,22,Sat,7,JAN1960,No,ETC/GMT+7,GMT-07:00,-25200
158,22073,60720,"June 7, 2020",2020-06-07,2020,2,6,7,23,Sun,1,JAN1960,No,ETC/GMT+7,GMT-07:00,-25200
159,22074,60820,"June 8, 2020",2020-06-08,2020,2,6,8,23,Mon,2,JAN1960,No,ETC/GMT+7,GMT-07:00,-25200
160,22075,60920,"June 9, 2020",2020-06-09,2020,2,6,9,23,Tue,3,JAN1960,No,ETC/GMT+7,GMT-07:00,-25200
161,22076,61020,"June 10, 2020",2020-06-10,2020,2,6,10,23,Wed,4,JAN1960,No,ETC/GMT+7,GMT-07:00,-25200
162,22077,61120,"June 11, 2020",2020-06-11,2020,2,6,11,23,Thu,5,JAN1960,No,ETC/GMT+7,GMT-07:00,-25200
163,22078,61220,"June 12, 2020",2020-06-12,2020,2,6,12,23,Fri,6,JAN1960,No,ETC/GMT+7,GMT-07:00,-25200
164,22079,61320,"June 13, 2020",2020-06-13,2020,2,6,13,23,Sat,7,JAN1960,No,ETC/GMT+7,GMT-07:00,-25200
165,22080,61420,"June 14, 2020",2020-06-14,2020,2,6,14,24,Sun,1,JAN1960,No,ETC/GMT+7,GMT-07:00,-25200
166,22081,61520,"June 15, 2020",2020-06-15,2020,2,6,15,24,Mon,2,JAN1960,No,ETC/GMT+7,GMT-07:00,-25200
167,22082,61620,"June 16, 2020",2020-06-16,2020,2,6,16,24,Tue,3,JAN1960,No,ETC/GMT+7,GMT-07:00,-25200
168,22083,61720,"June 17, 2020",2020-06-17,2020,2,6,17,24,Wed,4,JAN1960,No,ETC/GMT+7,GMT-07:00,-25200
169,22084,61820,"June 18, 2020",2020-06-18,2020,2,6,18,24,Thu,5,JAN1960,No,ETC/GMT+7,GMT-07:00,-25200
170,22085,61920,"June 19, 2020",2020-06-19,2020,2,6,19,24,Fri,6,JAN1960,No,ETC/GMT+7,GMT-07:00,-25200
171,22086,62020,"June 20, 2020",2020-06-20,2020,2,6,20,24,Sat,7,JAN1960,No,ETC/GMT+7,GMT-07:00,-25200
172,22087,62120,"June 21, 2020",2020-06-21,2020,2,6,21,25,Sun,1,JAN1960,FATHERS,ETC/GMT+7,GMT-07:00,-25200
173,22088,62220,"June 22, 2020",2020-06-22,2020,2,6,22,25,Mon,2,JAN1960,No,ETC/GMT+7,GMT-07:00,-25200
174,22089,62320,"June 23, 2020",2020-06-23,2020,2,6,23,25,Tue,3,JAN1960,No,ETC/GMT+7,GMT-07:00,-25200
175,22090,62420,"June 24, 2020",2020-06-24,2020,2,6,24,25,Wed,4,JAN1960,No,ETC/GMT+7,GMT-07:00,-25200
176,22091,62520,"June 25, 2020",2020-06-25,2020,2,6,25,25,Thu,5,JAN1960,No,ETC/GMT+7,GMT-07:00,-25200
177,22092,62620,"June 26, 2020",2020-06-26,2020,2,6,26,25,Fri,6,JAN1960,No,ETC/GMT+7,GMT-07:00,-25200
178,22093,62720,"June 27, 2020",2020-06-27,2020,2,6,27,25,Sat,7,JAN1960,No,ETC/GMT+7,GMT-07:00,-25200
179,22094,62820,"June 28, 2020",2020-06-28,2020,2,6,28,26,Sun,1,JAN1960,No,ETC/GMT+7,GMT-07:00,-25200
180,22095,62920,"June 29, 2020",2020-06-29,2020,2,6,29,26,Mon,2,JAN1960,No,ETC/GMT+7,GMT-07:00,-25200
181,22096,63020,"June 30, 2020",2020-06-30,2020,2,6,30,26,Tue,3,JAN1960,No,ETC/GMT+7,GMT-07:00,-25200
182,22097,70120,"July 1, 2020",2020-07-01,2020,3,7,1,26,Wed,4,JAN1960,CANADA,ETC/GMT+7,GMT-07:00,-25200
183,22098,70220,"July 2, 2020",2020-07-02,2020,3,7,2,26,Thu,5,JAN1960,No,ETC/GMT+7,GMT-07:00,-25200
184,22099,70320,"July 3, 2020",2020-07-03,2020,3,7,3,26,Fri,6,JAN1960,No,ETC/GMT+7,GMT-07:00,-25200
185,22100,70420,"July 4, 2020",2020-07-04,2020,3,7,4,26,Sat,7,JAN1960,USINDEPENDENCE,ETC/GMT+7,GMT-07:00,-25200
186,22101,70520,"July 5, 2020",2020-07-05,2020,3,7,5,27,Sun,1,JAN1960,No,ETC/GMT+7,GMT-07:00,-25200
187,22102,70620,"July 6, 2020",2020-07-06,2020,3,7,6,27,Mon,2,JAN1960,No,ETC/GMT+7,GMT-07:00,-25200
188,22103,70720,"July 7, 2020",2020-07-07,2020,3,7,7,27,Tue,3,JAN1960,No,ETC/GMT+7,GMT-07:00,-25200
189,22104,70820,"July 8, 2020",2020-07-08,2020,3,7,8,27,Wed,4,JAN1960,No,ETC/GMT+7,GMT-07:00,-25200
190,22105,70920,"July 9, 2020",2020-07-09,2020,3,7,9,27,Thu,5,JAN1960,No,ETC/GMT+7,GMT-07:00,-25200
191,22106,71020,"July 10, 2020",2020-07-10,2020,3,7,10,27,Fri,6,JAN1960,No,ETC/GMT+7,GMT-07:00,-25200
192,22107,71120,"July 11, 2020",2020-07-11,2020,3,7,11,27,Sat,7,JAN1960,No,ETC/GMT+7,GMT-07:00,-25200
193,22108,71220,"July 12, 2020",2020-07-12,2020,3,7,12,28,Sun,1,JAN1960,No,ETC/GMT+7,GMT-07:00,-25200
194,22109,71320,"July 13, 2020",2020-07-13,2020,3,7,13,28,Mon,2,JAN1960,No,ETC/GMT+7,GMT-07:00,-25200
195,22110,71420,"July 14, 2020",2020-07-14,2020,3,7,14,28,Tue,3,JAN1960,No,ETC/GMT+7,GMT-07:00,-25200
196,22111,71520,"July 15, 2020",2020-07-15,2020,3,7,15,28,Wed,4,JAN1960,No,ETC/GMT+7,GMT-07:00,-25200
197,22112,71620,"July 16, 2020",2020-07-16,2020,3,7,16,28,Thu,5,JAN1960,No,ETC/GMT+7,GMT-07:00,-25200
198,22113,71720,"July 17, 2020",2020-07-17,2020,3,7,17,28,Fri,6,JAN1960,No,ETC/GMT+7,GMT-07:00,-25200
199,22114,71820,"July 18, 2020",2020-07-18,2020,3,7,18,28,Sat,7,JAN1960,No,ETC/GMT+7,GMT-07:00,-25200
200,22115,71920,"July 19, 2020",2020-07-19,2020,3,7,19,29,Sun,1,JAN1960,No,ETC/GMT+7,GMT-07:00,-25200
201,22116,72020,"July 20, 2020",2020-07-20,2020,3,7,20,29,Mon,2,JAN1960,No,ETC/GMT+7,GMT-07:00,-25200
202,22117,72120,"July 21, 2020",2020-07-21,2020,3,7,21,29,Tue,3,JAN1960,No,ETC/GMT+7,GMT-07:00,-25200
203,22118,72220,"July 22, 2020",2020-07-22,2020,3,7,22,29,Wed,4,JAN1960,No,ETC/GMT+7,GMT-07:00,-25200
204,22119,72320,"July 23, 2020",2020-07-23,2020,3,7,23,29,Thu,5,JAN1960,No,ETC/GMT+7,GMT-07:00,-25200
205,22120,72420,"July 24, 2020",2020-07-24,2020,3,7,24,29,Fri,6,JAN1960,No,ETC/GMT+7,GMT-07:00,-25200
206,22121,72520,"July 25, 2020",2020-07-25,2020,3,7,25,29,Sat,7,JAN1960,No,ETC/GMT+7,GMT-07:00,-25200
207,22122,72620,"July 26, 2020",2020-07-26,2020,3,7,26,30,Sun,1,JAN1960,No,ETC/GMT+7,GMT-07:00,-25200
208,22123,72720,"July 27, 2020",2020-07-27,2020,3,7,27,30,Mon,2,JAN1960,No,ETC/GMT+7,GMT-07:00,-25200
209,22124,72820,"July 28, 2020",2020-07-28,2020,3,7,28,30,Tue,3,JAN1960,No,ETC/GMT+7,GMT-07:00,-25200
210,22125,72920,"July 29, 2020",2020-07-29,2020,3,7,29,30,Wed,4,JAN1960,No,ETC/GMT+7,GMT-07:00,-25200
211,22126,73020,"July 30, 2020",2020-07-30,2020,3,7,30,30,Thu,5,JAN1960,No,ETC/GMT+7,GMT-07:00,-25200
212,22127,73120,"July 31, 2020",2020-07-31,2020,3,7,31,30,Fri,6,JAN1960,No,ETC/GMT+7,GMT-07:00,-25200
213,22128,80120,"August 1, 2020",2020-08-01,2020,3,8,1,30,Sat,7,JAN1960,No,ETC/GMT+7,GMT-07:00,-25200
214,22129,80220,"August 2, 2020",2020-08-02,2020,3,8,2,31,Sun,1,JAN1960,No,ETC/GMT+7,GMT-07:00,-25200
215,22130,80320,"August 3, 2020",2020-08-03,2020,3,8,3,31,Mon,2,JAN1960,No,ETC/GMT+7,GMT-07:00,-25200
216,22131,80420,"August 4, 2020",2020-08-04,2020,3,8,4,31,Tue,3,JAN1960,No,ETC/GMT+7,GMT-07:00,-25200
217,22132,80520,"August 5, 2020",2020-08-05,2020,3,8,5,31,Wed,4,JAN1960,No,ETC/GMT+7,GMT-07:00,-25200
218,22133,80620,"August 6, 2020",2020-08-06,2020,3,8,6,31,Thu,5,JAN1960,No,ETC/GMT+7,GMT-07:00,-25200
219,22134,80720,"August 7, 2020",2020-08-07,2020,3,8,7,31,Fri,6,JAN1960,No,ETC/GMT+7,GMT-07:00,-25200
220,22135,80820,"August 8, 2020",2020-08-08,2020,3,8,8,31,Sat,7,JAN1960,No,ETC/GMT+7,GMT-07:00,-25200
221,22136,80920,"August 9, 2020",2020-08-09,2020,3,8,9,32,Sun,1,JAN1960,No,ETC/GMT+7,GMT-07:00,-25200
222,22137,81020,"August 10, 2020",2020-08-10,2020,3,8,10,32,Mon,2,JAN1960,No,ETC/GMT+7,GMT-07:00,-25200
223,22138,81120,"August 11, 2020",2020-08-11,2020,3,8,11,32,Tue,3,JAN1960,No,ETC/GMT+7,GMT-07:00,-25200
224,22139,81220,"August 12, 2020",2020-08-12,2020,3,8,12,32,Wed,4,JAN1960,No,ETC/GMT+7,GMT-07:00,-25200
225,22140,81320,"August 13, 2020",2020-08-13,2020,3,8,13,32,Thu,5,JAN1960,No,ETC/GMT+7,GMT-07:00,-25200
226,22141,81420,"August 14, 2020",2020-08-14,2020,3,8,14,32,Fri,6,JAN1960,No,ETC/GMT+7,GMT-07:00,-25200
227,22142,81520,"August 15, 2020",2020-08-15,2020,3,8,15,32,Sat,7,JAN1960,No,ETC/GMT+7,GMT-07:00,-25200
228,22143,81620,"August 16, 2020",2020-08-16,2020,3,8,16,33,Sun,1,JAN1960,No,ETC/GMT+7,GMT-07:00,-25200
229,22144,81720,"August 17, 2020",2020-08-17,2020,3,8,17,33,Mon,2,JAN1960,No,ETC/GMT+7,GMT-07:00,-25200
230,22145,81820,"August 18, 2020",2020-08-18,2020,3,8,18,33,Tue,3,JAN1960,No,ETC/GMT+7,GMT-07:00,-25200
231,22146,81920,"August 19, 2020",2020-08-19,2020,3,8,19,33,Wed,4,JAN1960,No,ETC/GMT+7,GMT-07:00,-25200
232,22147,82020,"August 20, 2020",2020-08-20,2020,3,8,20,33,Thu,5,JAN1960,No,ETC/GMT+7,GMT-07:00,-25200
233,22148,82120,"August 21, 2020",2020-08-21,2020,3,8,21,33,Fri,6,JAN1960,No,ETC/GMT+7,GMT-07:00,-25200
234,22149,82220,"August 22, 2020",2020-08-22,2020,3,8,22,33,Sat,7,JAN1960,No,ETC/GMT+7,GMT-07:00,-25200
235,22150,82320,"August 23, 2020",2020-08-23,2020,3,8,23,34,Sun,1,JAN1960,No,ETC/GMT+7,GMT-07:00,-25200
236,22151,82420,"August 24, 2020",2020-08-24,2020,3,8,24,34,Mon,2,JAN1960,No,ETC/GMT+7,GMT-07:00,-25200
237,22152,82520,"August 25, 2020",2020-08-25,2020,3,8,25,34,Tue,3,JAN1960,No,ETC/GMT+7,GMT-07:00,-25200
238,22153,82620,"August 26, 2020",2020-08-26,2020,3,8,26,34,Wed,4,JAN1960,No,ETC/GMT+7,GMT-07:00,-25200
239,22154,82720,"August 27, 2020",2020-08-27,2020,3,8,27,34,Thu,5,JAN1960,No,ETC/GMT+7,GMT-07:00,-25200
240,22155,82820,"August 28, 2020",2020-08-28,2020,3,8,28,34,Fri,6,JAN1960,No,ETC/GMT+7,GMT-07:00,-25200
241,22156,82920,"August 29, 2020",2020-08-29,2020,3,8,29,34,Sat,7,JAN1960,No,ETC/GMT+7,GMT-07:00,-25200
242,22157,83020,"August 30, 2020",2020-08-30,2020,3,8,30,35,Sun,1,JAN1960,No,ETC/GMT+7,GMT-07:00,-25200
243,22158,83120,"August 31, 2020",2020-08-31,2020,3,8,31,35,Mon,2,JAN1960,No,ETC/GMT+7,GMT-07:00,-25200
244,22159,90120,"September 1, 2020",2020-09-01,2020,3,9,1,35,Tue,3,JAN1960,No,ETC/GMT+7,GMT-07:00,-25200
245,22160,90220,"September 2, 2020",2020-09-02,2020,3,9,2,35,Wed,4,JAN1960,No,ETC/GMT+7,GMT-07:00,-25200
246,22161,90320,"September 3, 2020",2020-09-03,2020,3,9,3,35,Thu,5,JAN1960,No,ETC/GMT+7,GMT-07:00,-25200
247,22162,90420,"September 4, 2020",2020-09-04,2020,3,9,4,35,Fri,6,JAN1960,No,ETC/GMT+7,GMT-07:00,-25200
248,22163,90520,"September 5, 2020",2020-09-05,2020,3,9,5,35,Sat,7,JAN1960,No,ETC/GMT+7,GMT-07:00,-25200
249,22164,90620,"September 6, 2020",2020-09-06,2020,3,9,6,36,Sun,1,JAN1960,No,ETC/GMT+7,GMT-07:00,-25200
250,22165,90720,"September 7, 2020",2020-09-07,2020,3,9,7,36,Mon,2,JAN1960,LABOR,ETC/GMT+7,GMT-07:00,-25200
251,22166,90820,"September 8, 2020",2020-09-08,2020,3,9,8,36,Tue,3,JAN1960,No,ETC/GMT+7,GMT-07:00,-25200
252,22167,90920,"September 9, 2020",2020-09-09,2020,3,9,9,36,Wed,4,JAN1960,No,ETC/GMT+7,GMT-07:00,-25200
253,22168,91020,"September 10, 2020",2020-09-10,2020,3,9,10,36,Thu,5,JAN1960,No,ETC/GMT+7,GMT-07:00,-25200
254,22169,91120,"September 11, 2020",2020-09-11,2020,3,9,11,36,Fri,6,JAN1960,No,ETC/GMT+7,GMT-07:00,-25200
255,22170,91220,"September 12, 2020",2020-09-12,2020,3,9,12,36,Sat,7,JAN1960,No,ETC/GMT+7,GMT-07:00,-25200
256,22171,91320,"September 13, 2020",2020-09-13,2020,3,9,13,37,Sun,1,JAN1960,No,ETC/GMT+7,GMT-07:00,-25200
257,22172,91420,"September 14, 2020",2020-09-14,2020,3,9,14,37,Mon,2,JAN1960,No,ETC/GMT+7,GMT-07:00,-25200
258,22173,91520,"September 15, 2020",2020-09-15,2020,3,9,15,37,Tue,3,JAN1960,No,ETC/GMT+7,GMT-07:00,-25200
259,22174,91620,"September 16, 2020",2020-09-16,2020,3,9,16,37,Wed,4,JAN1960,No,ETC/GMT+7,GMT-07:00,-25200
260,22175,91720,"September 17, 2020",2020-09-17,2020,3,9,17,37,Thu,5,JAN1960,No,ETC/GMT+7,GMT-07:00,-25200
261,22176,91820,"September 18, 2020",2020-09-18,2020,3,9,18,37,Fri,6,JAN1960,No,ETC/GMT+7,GMT-07:00,-25200
262,22177,91920,"September 19, 2020",2020-09-19,2020,3,9,19,37,Sat,7,JAN1960,No,ETC/GMT+7,GMT-07:00,-25200
263,22178,92020,"September 20, 2020",2020-09-20,2020,3,9,20,38,Sun,1,JAN1960,No,ETC/GMT+7,GMT-07:00,-25200
264,22179,92120,"September 21, 2020",2020-09-21,2020,3,9,21,38,Mon,2,JAN1960,No,ETC/GMT+7,GMT-07:00,-25200
265,22180,92220,"September 22, 2020",2020-09-22,2020,3,9,22,38,Tue,3,JAN1960,No,ETC/GMT+7,GMT-07:00,-25200
266,22181,92320,"September 23, 2020",2020-09-23,2020,3,9,23,38,Wed,4,JAN1960,No,ETC/GMT+7,GMT-07:00,-25200
267,22182,92420,"September 24, 2020",2020-09-24,2020,3,9,24,38,Thu,5,JAN1960,No,ETC/GMT+7,GMT-07:00,-25200
268,22183,92520,"September 25, 2020",2020-09-25,2020,3,9,25,38,Fri,6,JAN1960,No,ETC/GMT+7,GMT-07:00,-25200
269,22184,92620,"September 26, 2020",2020-09-26,2020,3,9,26,38,Sat,7,JAN1960,No,ETC/GMT+7,GMT-07:00,-25200
270,22185,92720,"September 27, 2020",2020-09-27,2020,3,9,27,39,Sun,1,JAN1960,No,ETC/GMT+7,GMT-07:00,-25200
271,22186,92820,"September 28, 2020",2020-09-28,2020,3,9,28,39,Mon,2,JAN1960,No,ETC/GMT+7,GMT-07:00,-25200
272,22187,92920,"September 29, 2020",2020-09-29,2020,3,9,29,39,Tue,3,JAN1960,No,ETC/GMT+7,GMT-07:00,-25200
273,22188,93020,"September 30, 2020",2020-09-30,2020,3,9,30,39,Wed,4,JAN1960,No,ETC/GMT+7,GMT-07:00,-25200
274,22189,100120,"October 1, 2020",2020-10-01,2020,4,10,1,39,Thu,5,JAN1960,No,ETC/GMT+7,GMT-07:00,-25200
275,22190,100220,"October 2, 2020",2020-10-02,2020,4,10,2,39,Fri,6,JAN1960,No,ETC/GMT+7,GMT-07:00,-25200
276,22191,100320,"October 3, 2020",2020-10-03,2020,4,10,3,39,Sat,7,JAN1960,No,ETC/GMT+7,GMT-07:00,-25200
277,22192,100420,"October 4, 2020",2020-10-04,2020,4,10,4,40,Sun,1,JAN1960,No,ETC/GMT+7,GMT-07:00,-25200
278,22193,100520,"October 5, 2020",2020-10-05,2020,4,10,5,40,Mon,2,JAN1960,No,ETC/GMT+7,GMT-07:00,-25200
279,22194,100620,"October 6, 2020",2020-10-06,2020,4,10,6,40,Tue,3,JAN1960,No,ETC/GMT+7,GMT-07:00,-25200
280,22195,100720,"October 7, 2020",2020-10-07,2020,4,10,7,40,Wed,4,JAN1960,No,ETC/GMT+7,GMT-07:00,-25200
281,22196,100820,"October 8, 2020",2020-10-08,2020,4,10,8,40,Thu,5,JAN1960,No,ETC/GMT+7,GMT-07:00,-25200
282,22197,100920,"October 9, 2020",2020-10-09,2020,4,10,9,40,Fri,6,JAN1960,No,ETC/GMT+7,GMT-07:00,-25200
283,22198,101020,"October 10, 2020",2020-10-10,2020,4,10,10,40,Sat,7,JAN1960,No,ETC/GMT+7,GMT-07:00,-25200
284,22199,101120,"October 11, 2020",2020-10-11,2020,4,10,11,41,Sun,1,JAN1960,No,ETC/GMT+7,GMT-07:00,-25200
285,22200,101220,"October 12, 2020",2020-10-12,2020,4,10,12,41,Mon,2,JAN1960,THANKSGIVINGCANADA,ETC/GMT+7,GMT-07:00,-25200
286,22201,101320,"October 13, 2020",2020-10-13,2020,4,10,13,41,Tue,3,JAN1960,No,ETC/GMT+7,GMT-07:00,-25200
287,22202,101420,"October 14, 2020",2020-10-14,2020,4,10,14,41,Wed,4,JAN1960,No,ETC/GMT+7,GMT-07:00,-25200
288,22203,101520,"October 15, 2020",2020-10-15,2020,4,10,15,41,Thu,5,JAN1960,No,ETC/GMT+7,GMT-07:00,-25200
289,22204,101620,"October 16, 2020",2020-10-16,2020,4,10,16,41,Fri,6,JAN1960,No,ETC/GMT+7,GMT-07:00,-25200
290,22205,101720,"October 17, 2020",2020-10-17,2020,4,10,17,41,Sat,7,JAN1960,No,ETC/GMT+7,GMT-07:00,-25200
291,22206,101820,"October 18, 2020",2020-10-18,2020,4,10,18,42,Sun,1,JAN1960,No,ETC/GMT+7,GMT-07:00,-25200
292,22207,101920,"October 19, 2020",2020-10-19,2020,4,10,19,42,Mon,2,JAN1960,No,ETC/GMT+7,GMT-07:00,-25200
293,22208,102020,"October 20, 2020",2020-10-20,2020,4,10,20,42,Tue,3,JAN1960,No,ETC/GMT+7,GMT-07:00,-25200
294,22209,102120,"October 21, 2020",2020-10-21,2020,4,10,21,42,Wed,4,JAN1960,No,ETC/GMT+7,GMT-07:00,-25200
295,22210,102220,"October 22, 2020",2020-10-22,2020,4,10,22,42,Thu,5,JAN1960,No,ETC/GMT+7,GMT-07:00,-25200
296,22211,102320,"October 23, 2020",2020-10-23,2020,4,10,23,42,Fri,6,JAN1960,No,ETC/GMT+7,GMT-07:00,-25200
297,22212,102420,"October 24, 2020",2020-10-24,2020,4,10,24,42,Sat,7,JAN1960,No,ETC/GMT+7,GMT-07:00,-25200
298,22213,102520,"October 25, 2020",2020-10-25,2020,4,10,25,43,Sun,1,JAN1960,No,ETC/GMT+7,GMT-07:00,-25200
299,22214,102620,"October 26, 2020",2020-10-26,2020,4,10,26,43,Mon,2,JAN1960,No,ETC/GMT+7,GMT-07:00,-25200
300,22215,102720,"October 27, 2020",2020-10-27,2020,4,10,27,43,Tue,3,JAN1960,No,ETC/GMT+7,GMT-07:00,-25200
301,22216,102820,"October 28, 2020",2020-10-28,2020,4,10,28,43,Wed,4,JAN1960,No,ETC/GMT+7,GMT-07:00,-25200
302,22217,102920,"October 29, 2020",2020-10-29,2020,4,10,29,43,Thu,5,JAN1960,No,ETC/GMT+7,GMT-07:00,-25200
303,22218,103020,"October 30, 2020",2020-10-30,2020,4,10,30,43,Fri,6,JAN1960,No,ETC/GMT+7,GMT-07:00,-25200
304,22219,103120,"October 31, 2020",2020-10-31,2020,4,10,31,43,Sat,7,JAN1960,HALLOWEEN,ETC/GMT+7,GMT-07:00,-25200
305,22220,110120,"November 1, 2020",2020-11-01,2020,4,11,1,44,Sun,1,JAN1960,No,ETC/GMT+7,GMT-07:00,-25200
306,22221,110220,"November 2, 2020",2020-11-02,2020,4,11,2,44,Mon,2,JAN1960,No,ETC/GMT+7,GMT-07:00,-25200
307,22222,110320,"November 3, 2020",2020-11-03,2020,4,11,3,44,Tue,3,JAN1960,No,ETC/GMT+7,GMT-07:00,-25200
308,22223,110420,"November 4, 2020",2020-11-04,2020,4,11,4,44,Wed,4,JAN1960,No,ETC/GMT+7,GMT-07:00,-25200
309,22224,110520,"November 5, 2020",2020-11-05,2020,4,11,5,44,Thu,5,JAN1960,No,ETC/GMT+7,GMT-07:00,-25200
310,22225,110620,"November 6, 2020",2020-11-06,2020,4,11,6,44,Fri,6,JAN1960,No,ETC/GMT+7,GMT-07:00,-25200
311,22226,110720,"November 7, 2020",2020-11-07,2020,4,11,7,44,Sat,7,JAN1960,No,ETC/GMT+7,GMT-07:00,-25200
312,22227,110820,"November 8, 2020",2020-11-08,2020,4,11,8,45,Sun,1,JAN1960,No,ETC/GMT+7,GMT-07:00,-25200
313,22228,110920,"November 9, 2020",2020-11-09,2020,4,11,9,45,Mon,2,JAN1960,No,ETC/GMT+7,GMT-07:00,-25200
314,22229,111020,"November 10, 2020",2020-11-10,2020,4,11,10,45,Tue,3,JAN1960,No,ETC/GMT+7,GMT-07:00,-25200
315,22230,111120,"November 11, 2020",2020-11-11,2020,4,11,11,45,Wed,4,JAN1960,VETERANS,ETC/GMT+7,GMT-07:00,-25200
316,22231,111220,"November 12, 2020",2020-11-12,2020,4,11,12,45,Thu,5,JAN1960,No,ETC/GMT+7,GMT-07:00,-25200
317,22232,111320,"November 13, 2020",2020-11-13,2020,4,11,13,45,Fri,6,JAN1960,No,ETC/GMT+7,GMT-07:00,-25200
318,22233,111420,"November 14, 2020",2020-11-14,2020,4,11,14,45,Sat,7,JAN1960,No,ETC/GMT+7,GMT-07:00,-25200
319,22234,111520,"November 15, 2020",2020-11-15,2020,4,11,15,46,Sun,1,JAN1960,No,ETC/GMT+7,GMT-07:00,-25200
320,22235,111620,"November 16, 2020",2020-11-16,2020,4,11,16,46,Mon,2,JAN1960,No,ETC/GMT+7,GMT-07:00,-25200
321,22236,111720,"November 17, 2020",2020-11-17,2020,4,11,17,46,Tue,3,JAN1960,No,ETC/GMT+7,GMT-07:00,-25200
322,22237,111820,"November 18, 2020",2020-11-18,2020,4,11,18,46,Wed,4,JAN1960,No,ETC/GMT+7,GMT-07:00,-25200
323,22238,111920,"November 19, 2020",2020-11-19,2020,4,11,19,46,Thu,5,JAN1960,No,ETC/GMT+7,GMT-07:00,-25200
324,22239,112020,"November 20, 2020",2020-11-20,2020,4,11,20,46,Fri,6,JAN1960,No,ETC/GMT+7,GMT-07:00,-25200
325,22240,112120,"November 21, 2020",2020-11-21,2020,4,11,21,46,Sat,7,JAN1960,No,ETC/GMT+7,GMT-07:00,-25200
326,22241,112220,"November 22, 2020",2020-11-22,2020,4,11,22,47,Sun,1,JAN1960,No,ETC/GMT+7,GMT-07:00,-25200
327,22242,112320,"November 23, 2020",2020-11-23,2020,4,11,23,47,Mon,2,JAN1960,No,ETC/GMT+7,GMT-07:00,-25200
328,22243,112420,"November 24, 2020",2020-11-24,2020,4,11,24,47,Tue,3,JAN1960,No,ETC/GMT+7,GMT-07:00,-25200
329,22244,112520,"November 25, 2020",2020-11-25,2020,4,11,25,47,Wed,4,JAN1960,No,ETC/GMT+7,GMT-07:00,-25200
330,22245,112620,"November 26, 2020",2020-11-26,2020,4,11,26,47,Thu,5,JAN1960,THANKSGIVING,ETC/GMT+7,GMT-07:00,-25200
331,22246,112720,"November 27, 2020",2020-11-27,2020,4,11,27,47,Fri,6,JAN1960,No,ETC/GMT+7,GMT-07:00,-25200
332,22247,112820,"November 28, 2020",2020-11-28,2020,4,11,28,47,Sat,7,JAN1960,No,ETC/GMT+7,GMT-07:00,-25200
333,22248,112920,"November 29, 2020",2020-11-29,2020,4,11,29,48,Sun,1,JAN1960,No,ETC/GMT+7,GMT-07:00,-25200
334,22249,113020,"November 30, 2020",2020-11-30,2020,4,11,30,48,Mon,2,JAN1960,No,ETC/GMT+7,GMT-07:00,-25200
335,22250,120120,"December 1, 2020",2020-12-01,2020,4,12,1,48,Tue,3,JAN1960,No,ETC/GMT+7,GMT-07:00,-25200
336,22251,120220,"December 2, 2020",2020-12-02,2020,4,12,2,48,Wed,4,JAN1960,No,ETC/GMT+7,GMT-07:00,-25200
337,22252,120320,"December 3, 2020",2020-12-03,2020,4,12,3,48,Thu,5,JAN1960,No,ETC/GMT+7,GMT-07:00,-25200
338,22253,120420,"December 4, 2020",2020-12-04,2020,4,12,4,48,Fri,6,JAN1960,No,ETC/GMT+7,GMT-07:00,-25200
339,22254,120520,"December 5, 2020",2020-12-05,2020,4,12,5,48,Sat,7,JAN1960,No,ETC/GMT+7,GMT-07:00,-25200
340,22255,120620,"December 6, 2020",2020-12-06,2020,4,12,6,49,Sun,1,JAN1960,No,ETC/GMT+7,GMT-07:00,-25200
341,22256,120720,"December 7, 2020",2020-12-07,2020,4,12,7,49,Mon,2,JAN1960,No,ETC/GMT+7,GMT-07:00,-25200
342,22257,120820,"December 8, 2020",2020-12-08,2020,4,12,8,49,Tue,3,JAN1960,No,ETC/GMT+7,GMT-07:00,-25200
343,22258,120920,"December 9, 2020",2020-12-09,2020,4,12,9,49,Wed,4,JAN1960,No,ETC/GMT+7,GMT-07:00,-25200
344,22259,121020,"December 10, 2020",2020-12-10,2020,4,12,10,49,Thu,5,JAN1960,No,ETC/GMT+7,GMT-07:00,-25200
345,22260,121120,"December 11, 2020",2020-12-11,2020,4,12,11,49,Fri,6,JAN1960,No,ETC/GMT+7,GMT-07:00,-25200
346,22261,121220,"December 12, 2020",2020-12-12,2020,4,12,12,49,Sat,7,JAN1960,No,ETC/GMT+7,GMT-07:00,-25200
347,22262,121320,"December 13, 2020",2020-12-13,2020,4,12,13,50,Sun,1,JAN1960,No,ETC/GMT+7,GMT-07:00,-25200
348,22263,121420,"December 14, 2020",2020-12-14,2020,4,12,14,50,Mon,2,JAN1960,No,ETC/GMT+7,GMT-07:00,-25200
349,22264,121520,"December 15, 2020",2020-12-15,2020,4,12,15,50,Tue,3,JAN1960,No,ETC/GMT+7,GMT-07:00,-25200
350,22265,121620,"December 16, 2020",2020-12-16,2020,4,12,16,50,Wed,4,JAN1960,No,ETC/GMT+7,GMT-07:00,-25200
351,22266,121720,"December 17, 2020",2020-12-17,2020,4,12,17,50,Thu,5,JAN1960,No,ETC/GMT+7,GMT-07:00,-25200
352,22267,121820,"December 18, 2020",2020-12-18,2020,4,12,18,50,Fri,6,JAN1960,No,ETC/GMT+7,GMT-07:00,-25200
353,22268,121920,"December 19, 2020",2020-12-19,2020,4,12,19,50,Sat,7,JAN1960,No,ETC/GMT+7,GMT-07:00,-25200
354,22269,122020,"December 20, 2020",2020-12-20,2020,4,12,20,51,Sun,1,JAN1960,No,ETC/GMT+7,GMT-07:00,-25200
355,22270,122120,"December 21, 2020",2020-12-21,2020,4,12,21,51,Mon,2,JAN1960,No,ETC/GMT+7,GMT-07:00,-25200
356,22271,122220,"December 22, 2020",2020-12-22,2020,4,12,22,51,Tue,3,JAN1960,No,ETC/GMT+7,GMT-07:00,-25200
357,22272,122320,"December 23, 2020",2020-12-23,2020,4,12,23,51,Wed,4,JAN1960,No,ETC/GMT+7,GMT-07:00,-25200
358,22273,122420,"December 24, 2020",2020-12-24,2020,4,12,24,51,Thu,5,JAN1960,No,ETC/GMT+7,GMT-07:00,-25200
359,22274,122520,"December 25, 2020",2020-12-25,2020,4,12,25,51,Fri,6,JAN1960,CHRISTMAS,ETC/GMT+7,GMT-07:00,-25200
360,22275,122620,"December 26, 2020",2020-12-26,2020,4,12,26,51,Sat,7,JAN1960,BOXING,ETC/GMT+7,GMT-07:00,-25200
361,22276,122720,"December 27, 2020",2020-12-27,2020,4,12,27,52,Sun,1,JAN1960,No,ETC/GMT+7,GMT-07:00,-25200
362,22277,122820,"December 28, 2020",2020-12-28,2020,4,12,28,52,Mon,2,JAN1960,No,ETC/GMT+7,GMT-07:00,-25200
363,22278,122920,"December 29, 2020",2020-12-29,2020,4,12,29,52,Tue,3,JAN1960,No,ETC/GMT+7,GMT-07:00,-25200
364,22279,123020,"December 30, 2020",2020-12-30,2020,4,12,30,52,Wed,4,JAN1960,No,ETC/GMT+7,GMT-07:00,-25200
365,22280,123120,"December 31, 2020",2020-12-31,2020,4,12,31,52,Thu,5,JAN1960,No,ETC/GMT+7,GMT-07:00,-25200
366,22281,10121,"January 1, 2021",2021-01-01,2021,1,1,1,0,Fri,6,JAN1960,NEWYEAR,ETC/GMT+7,GMT-07:00,-25200
367,22282,10221,"January 2, 2021",2021-01-02,2021,1,1,2,0,Sat,7,JAN1960,No,ETC/GMT+7,GMT-07:00,-25200
368,22283,10321,"January 3, 2021",2021-01-03,2021,1,1,3,1,Sun,1,JAN1960,No,ETC/GMT+7,GMT-07:00,-25200
369,22284,10421,"January 4, 2021",2021-01-04,2021,1,1,4,1,Mon,2,JAN1960,No,ETC/GMT+7,GMT-07:00,-25200
370,22285,10521,"January 5, 2021",2021-01-05,2021,1,1,5,1,Tue,3,JAN1960,No,ETC/GMT+7,GMT-07:00,-25200
371,22286,10621,"January 6, 2021",2021-01-06,2021,1,1,6,1,Wed,4,JAN1960,No,ETC/GMT+7,GMT-07:00,-25200
372,22287,10721,"January 7, 2021",2021-01-07,2021,1,1,7,1,Thu,5,JAN1960,No,ETC/GMT+7,GMT-07:00,-25200
373,22288,10821,"January 8, 2021",2021-01-08,2021,1,1,8,1,Fri,6,JAN1960,No,ETC/GMT+7,GMT-07:00,-25200
374,22289,10921,"January 9, 2021",2021-01-09,2021,1,1,9,1,Sat,7,JAN1960,No,ETC/GMT+7,GMT-07:00,-25200
375,22290,11021,"January 10, 2021",2021-01-10,2021,1,1,10,2,Sun,1,JAN1960,No,ETC/GMT+7,GMT-07:00,-25200
376,22291,11121,"January 11, 2021",2021-01-11,2021,1,1,11,2,Mon,2,JAN1960,No,ETC/GMT+7,GMT-07:00,-25200
377,22292,11221,"January 12, 2021",2021-01-12,2021,1,1,12,2,Tue,3,JAN1960,No,ETC/GMT+7,GMT-07:00,-25200
378,22293,11321,"January 13, 2021",2021-01-13,2021,1,1,13,2,Wed,4,JAN1960,No,ETC/GMT+7,GMT-07:00,-25200
379,22294,11421,"January 14, 2021",2021-01-14,2021,1,1,14,2,Thu,5,JAN1960,No,ETC/GMT+7,GMT-07:00,-25200
380,22295,11521,"January 15, 2021",2021-01-15,2021,1,1,15,2,Fri,6,JAN1960,No,ETC/GMT+7,GMT-07:00,-25200
381,22296,11621,"January 16, 2021",2021-01-16,2021,1,1,16,2,Sat,7,JAN1960,No,ETC/GMT+7,GMT-07:00,-25200
382,22297,11721,"January 17, 2021",2021-01-17,2021,1,1,17,3,Sun,1,JAN1960,No,ETC/GMT+7,GMT-07:00,-25200
383,22298,11821,"January 18, 2021",2021-01-18,2021,1,1,18,3,Mon,2,JAN1960,MLK,ETC/GMT+7,GMT-07:00,-25200
384,22299,11921,"January 19, 2021",2021-01-19,2021,1,1,19,3,Tue,3,JAN1960,No,ETC/GMT+7,GMT-07:00,-25200
385,22300,12021,"January 20, 2021",2021-01-20,2021,1,1,20,3,Wed,4,JAN1960,No,ETC/GMT+7,GMT-07:00,-25200
386,22301,12121,"January 21, 2021",2021-01-21,2021,1,1,21,3,Thu,5,JAN1960,No,ETC/GMT+7,GMT-07:00,-25200
387,22302,12221,"January 22, 2021",2021-01-22,2021,1,1,22,3,Fri,6,JAN1960,No,ETC/GMT+7,GMT-07:00,-25200
388,22303,12321,"January 23, 2021",2021-01-23,2021,1,1,23,3,Sat,7,JAN1960,No,ETC/GMT+7,GMT-07:00,-25200
389,22304,12421,"January 24, 2021",2021-01-24,2021,1,1,24,4,Sun,1,JAN1960,No,ETC/GMT+7,GMT-07:00,-25200
390,22305,12521,"January 25, 2021",2021-01-25,2021,1,1,25,4,Mon,2,JAN1960,No,ETC/GMT+7,GMT-07:00,-25200
391,22306,12621,"January 26, 2021",2021-01-26,2021,1,1,26,4,Tue,3,JAN1960,No,ETC/GMT+7,GMT-07:00,-25200
392,22307,12721,"January 27, 2021",2021-01-27,2021,1,1,27,4,Wed,4,JAN1960,No,ETC/GMT+7,GMT-07:00,-25200
393,22308,12821,"January 28, 2021",2021-01-28,2021,1,1,28,4,Thu,5,JAN1960,No,ETC/GMT+7,GMT-07:00,-25200
394,22309,12921,"January 29, 2021",2021-01-29,2021,1,1,29,4,Fri,6,JAN1960,No,ETC/GMT+7,GMT-07:00,-25200
395,22310,13021,"January 30, 2021",2021-01-30,2021,1,1,30,4,Sat,7,JAN1960,No,ETC/GMT+7,GMT-07:00,-25200
396,22311,13121,"January 31, 2021",2021-01-31,2021,1,1,31,5,Sun,1,JAN1960,No,ETC/GMT+7,GMT-07:00,-25200
397,22312,20121,"February 1, 2021",2021-02-01,2021,1,2,1,5,Mon,2,JAN1960,No,ETC/GMT+7,GMT-07:00,-25200
398,22313,20221,"February 2, 2021",2021-02-02,2021,1,2,2,5,Tue,3,JAN1960,No,ETC/GMT+7,GMT-07:00,-25200
399,22314,20321,"February 3, 2021",2021-02-03,2021,1,2,3,5,Wed,4,JAN1960,No,ETC/GMT+7,GMT-07:00,-25200
400,22315,20421,"February 4, 2021",2021-02-04,2021,1,2,4,5,Thu,5,JAN1960,No,ETC/GMT+7,GMT-07:00,-25200
401,22316,20521,"February 5, 2021",2021-02-05,2021,1,2,5,5,Fri,6,JAN1960,No,ETC/GMT+7,GMT-07:00,-25200
402,22317,20621,"February 6, 2021",2021-02-06,2021,1,2,6,5,Sat,7,JAN1960,No,ETC/GMT+7,GMT-07:00,-25200
403,22318,20721,"February 7, 2021",2021-02-07,2021,1,2,7,6,Sun,1,JAN1960,No,ETC/GMT+7,GMT-07:00,-25200
404,22319,20821,"February 8, 2021",2021-02-08,2021,1,2,8,6,Mon,2,JAN1960,No,ETC/GMT+7,GMT-07:00,-25200
405,22320,20921,"February 9, 2021",2021-02-09,2021,1,2,9,6,Tue,3,JAN1960,No,ETC/GMT+7,GMT-07:00,-25200
406,22321,21021,"February 10, 2021",2021-02-10,2021,1,2,10,6,Wed,4,JAN1960,No,ETC/GMT+7,GMT-07:00,-25200
407,22322,21121,"February 11, 2021",2021-02-11,2021,1,2,11,6,Thu,5,JAN1960,No,ETC/GMT+7,GMT-07:00,-25200
408,22323,21221,"February 12, 2021",2021-02-12,2021,1,2,12,6,Fri,6,JAN1960,No,ETC/GMT+7,GMT-07:00,-25200
409,22324,21321,"February 13, 2021",2021-02-13,2021,1,2,13,6,Sat,7,JAN1960,No,ETC/GMT+7,GMT-07:00,-25200
410,22325,21421,"February 14, 2021",2021-02-14,2021,1,2,14,7,Sun,1,JAN1960,VALENTINES,ETC/GMT+7,GMT-07:00,-25200
411,22326,21521,"February 15, 2021",2021-02-15,2021,1,2,15,7,Mon,2,JAN1960,USPRESIDENTS,ETC/GMT+7,GMT-07:00,-25200
412,22327,21621,"February 16, 2021",2021-02-16,2021,1,2,16,7,Tue,3,JAN1960,No,ETC/GMT+7,GMT-07:00,-25200
413,22328,21721,"February 17, 2021",2021-02-17,2021,1,2,17,7,Wed,4,JAN1960,No,ETC/GMT+7,GMT-07:00,-25200
414,22329,21821,"February 18, 2021",2021-02-18,2021,1,2,18,7,Thu,5,JAN1960,No,ETC/GMT+7,GMT-07:00,-25200
415,22330,21921,"February 19, 2021",2021-02-19,2021,1,2,19,7,Fri,6,JAN1960,No,ETC/GMT+7,GMT-07:00,-25200
416,22331,22021,"February 20, 2021",2021-02-20,2021,1,2,20,7,Sat,7,JAN1960,No,ETC/GMT+7,GMT-07:00,-25200
417,22332,22121,"February 21, 2021",2021-02-21,2021,1,2,21,8,Sun,1,JAN1960,No,ETC/GMT+7,GMT-07:00,-25200
418,22333,22221,"February 22, 2021",2021-02-22,2021,1,2,22,8,Mon,2,JAN1960,No,ETC/GMT+7,GMT-07:00,-25200
419,22334,22321,"February 23, 2021",2021-02-23,2021,1,2,23,8,Tue,3,JAN1960,No,ETC/GMT+7,GMT-07:00,-25200
420,22335,22421,"February 24, 2021",2021-02-24,2021,1,2,24,8,Wed,4,JAN1960,No,ETC/GMT+7,GMT-07:00,-25200
421,22336,22521,"February 25, 2021",2021-02-25,2021,1,2,25,8,Thu,5,JAN1960,No,ETC/GMT+7,GMT-07:00,-25200
422,22337,22621,"February 26, 2021",2021-02-26,2021,1,2,26,8,Fri,6,JAN1960,No,ETC/GMT+7,GMT-07:00,-25200
423,22338,22721,"February 27, 2021",2021-02-27,2021,1,2,27,8,Sat,7,JAN1960,No,ETC/GMT+7,GMT-07:00,-25200
424,22339,22821,"February 28, 2021",2021-02-28,2021,1,2,28,9,Sun,1,JAN1960,No,ETC/GMT+7,GMT-07:00,-25200
425,22340,30121,"March 1, 2021",2021-03-01,2021,1,3,1,9,Mon,2,JAN1960,No,ETC/GMT+7,GMT-07:00,-25200
426,22341,30221,"March 2, 2021",2021-03-02,2021,1,3,2,9,Tue,3,JAN1960,No,ETC/GMT+7,GMT-07:00,-25200
427,22342,30321,"March 3, 2021",2021-03-03,2021,1,3,3,9,Wed,4,JAN1960,No,ETC/GMT+7,GMT-07:00,-25200
428,22343,30421,"March 4, 2021",2021-03-04,2021,1,3,4,9,Thu,5,JAN1960,No,ETC/GMT+7,GMT-07:00,-25200
429,22344,30521,"March 5, 2021",2021-03-05,2021,1,3,5,9,Fri,6,JAN1960,No,ETC/GMT+7,GMT-07:00,-25200
430,22345,30621,"March 6, 2021",2021-03-06,2021,1,3,6,9,Sat,7,JAN1960,No,ETC/GMT+7,GMT-07:00,-25200
431,22346,30721,"March 7, 2021",2021-03-07,2021,1,3,7,10,Sun,1,JAN1960,No,ETC/GMT+7,GMT-07:00,-25200
432,22347,30821,"March 8, 2021",2021-03-08,2021,1,3,8,10,Mon,2,JAN1960,No,ETC/GMT+7,GMT-07:00,-25200
433,22348,30921,"March 9, 2021",2021-03-09,2021,1,3,9,10,Tue,3,JAN1960,No,ETC/GMT+7,GMT-07:00,-25200
434,22349,31021,"March 10, 2021",2021-03-10,2021,1,3,10,10,Wed,4,JAN1960,No,ETC/GMT+7,GMT-07:00,-25200
435,22350,31121,"March 11, 2021",2021-03-11,2021,1,3,11,10,Thu,5,JAN1960,No,ETC/GMT+7,GMT-07:00,-25200
436,22351,31221,"March 12, 2021",2021-03-12,2021,1,3,12,10,Fri,6,JAN1960,No,ETC/GMT+7,GMT-07:00,-25200
437,22352,31321,"March 13, 2021",2021-03-13,2021,1,3,13,10,Sat,7,JAN1960,No,ETC/GMT+7,GMT-07:00,-25200
438,22353,31421,"March 14, 2021",2021-03-14,2021,1,3,14,11,Sun,1,JAN1960,No,ETC/GMT+7,GMT-07:00,-25200
439,22354,31521,"March 15, 2021",2021-03-15,2021,1,3,15,11,Mon,2,JAN1960,No,ETC/GMT+7,GMT-07:00,-25200
440,22355,31621,"March 16, 2021",2021-03-16,2021,1,3,16,11,Tue,3,JAN1960,No,ETC/GMT+7,GMT-07:00,-25200
441,22356,31721,"March 17, 2021",2021-03-17,2021,1,3,17,11,Wed,4,JAN1960,No,ETC/GMT+7,GMT-07:00,-25200
442,22357,31821,"March 18, 2021",2021-03-18,2021,1,3,18,11,Thu,5,JAN1960,No,ETC/GMT+7,GMT-07:00,-25200
443,22358,31921,"March 19, 2021",2021-03-19,2021,1,3,19,11,Fri,6,JAN1960,No,ETC/GMT+7,GMT-07:00,-25200
444,22359,32021,"March 20, 2021",2021-03-20,2021,1,3,20,11,Sat,7,JAN1960,No,ETC/GMT+7,GMT-07:00,-25200
445,22360,32121,"March 21, 2021",2021-03-21,2021,1,3,21,12,Sun,1,JAN1960,No,ETC/GMT+7,GMT-07:00,-25200
446,22361,32221,"March 22, 2021",2021-03-22,2021,1,3,22,12,Mon,2,JAN1960,No,ETC/GMT+7,GMT-07:00,-25200
447,22362,32321,"March 23, 2021",2021-03-23,2021,1,3,23,12,Tue,3,JAN1960,No,ETC/GMT+7,GMT-07:00,-25200
448,22363,32421,"March 24, 2021",2021-03-24,2021,1,3,24,12,Wed,4,JAN1960,No,ETC/GMT+7,GMT-07:00,-25200
449,22364,32521,"March 25, 2021",2021-03-25,2021,1,3,25,12,Thu,5,JAN1960,No,ETC/GMT+7,GMT-07:00,-25200
450,22365,32621,"March 26, 2021",2021-03-26,2021,1,3,26,12,Fri,6,JAN1960,No,ETC/GMT+7,GMT-07:00,-25200
451,22366,32721,"March 27, 2021",2021-03-27,2021,1,3,27,12,Sat,7,JAN1960,No,ETC/GMT+7,GMT-07:00,-25200
452,22367,32821,"March 28, 2021",2021-03-28,2021,1,3,28,13,Sun,1,JAN1960,No,ETC/GMT+7,GMT-07:00,-25200
453,22368,32921,"March 29, 2021",2021-03-29,2021,1,3,29,13,Mon,2,JAN1960,No,ETC/GMT+7,GMT-07:00,-25200
454,22369,33021,"March 30, 2021",2021-03-30,2021,1,3,30,13,Tue,3,JAN1960,No,ETC/GMT+7,GMT-07:00,-25200
455,22370,33121,"March 31, 2021",2021-03-31,2021,1,3,31,13,Wed,4,JAN1960,No,ETC/GMT+7,GMT-07:00,-25200
456,22371,40121,"April 1, 2021",2021-04-01,2021,2,4,1,13,Thu,5,JAN1960,No,ETC/GMT+7,GMT-07:00,-25200
457,22372,40221,"April 2, 2021",2021-04-02,2021,2,4,2,13,Fri,6,JAN1960,No,ETC/GMT+7,GMT-07:00,-25200
458,22373,40321,"April 3, 2021",2021-04-03,2021,2,4,3,13,Sat,7,JAN1960,No,ETC/GMT+7,GMT-07:00,-25200
459,22374,40421,"April 4, 2021",2021-04-04,2021,2,4,4,14,Sun,1,JAN1960,EASTER,ETC/GMT+7,GMT-07:00,-25200
460,22375,40521,"April 5, 2021",2021-04-05,2021,2,4,5,14,Mon,2,JAN1960,No,ETC/GMT+7,GMT-07:00,-25200
461,22376,40621,"April 6, 2021",2021-04-06,2021,2,4,6,14,Tue,3,JAN1960,No,ETC/GMT+7,GMT-07:00,-25200
462,22377,40721,"April 7, 2021",2021-04-07,2021,2,4,7,14,Wed,4,JAN1960,No,ETC/GMT+7,GMT-07:00,-25200
463,22378,40821,"April 8, 2021",2021-04-08,2021,2,4,8,14,Thu,5,JAN1960,No,ETC/GMT+7,GMT-07:00,-25200
464,22379,40921,"April 9, 2021",2021-04-09,2021,2,4,9,14,Fri,6,JAN1960,No,ETC/GMT+7,GMT-07:00,-25200
465,22380,41021,"April 10, 2021",2021-04-10,2021,2,4,10,14,Sat,7,JAN1960,No,ETC/GMT+7,GMT-07:00,-25200
466,22381,41121,"April 11, 2021",2021-04-11,2021,2,4,11,15,Sun,1,JAN1960,No,ETC/GMT+7,GMT-07:00,-25200
467,22382,41221,"April 12, 2021",2021-04-12,2021,2,4,12,15,Mon,2,JAN1960,No,ETC/GMT+7,GMT-07:00,-25200
468,22383,41321,"April 13, 2021",2021-04-13,2021,2,4,13,15,Tue,3,JAN1960,No,ETC/GMT+7,GMT-07:00,-25200
469,22384,41421,"April 14, 2021",2021-04-14,2021,2,4,14,15,Wed,4,JAN1960,No,ETC/GMT+7,GMT-07:00,-25200
470,22385,41521,"April 15, 2021",2021-04-15,2021,2,4,15,15,Thu,5,JAN1960,No,ETC/GMT+7,GMT-07:00,-25200
471,22386,41621,"April 16, 2021",2021-04-16,2021,2,4,16,15,Fri,6,JAN1960,No,ETC/GMT+7,GMT-07:00,-25200
472,22387,41721,"April 17, 2021",2021-04-17,2021,2,4,17,15,Sat,7,JAN1960,No,ETC/GMT+7,GMT-07:00,-25200
473,22388,41821,"April 18, 2021",2021-04-18,2021,2,4,18,16,Sun,1,JAN1960,No,ETC/GMT+7,GMT-07:00,-25200
474,22389,41921,"April 19, 2021",2021-04-19,2021,2,4,19,16,Mon,2,JAN1960,No,ETC/GMT+7,GMT-07:00,-25200
475,22390,42021,"April 20, 2021",2021-04-20,2021,2,4,20,16,Tue,3,JAN1960,No,ETC/GMT+7,GMT-07:00,-25200
476,22391,42121,"April 21, 2021",2021-04-21,2021,2,4,21,16,Wed,4,JAN1960,No,ETC/GMT+7,GMT-07:00,-25200
477,22392,42221,"April 22, 2021",2021-04-22,2021,2,4,22,16,Thu,5,JAN1960,No,ETC/GMT+7,GMT-07:00,-25200
478,22393,42321,"April 23, 2021",2021-04-23,2021,2,4,23,16,Fri,6,JAN1960,No,ETC/GMT+7,GMT-07:00,-25200
479,22394,42421,"April 24, 2021",2021-04-24,2021,2,4,24,16,Sat,7,JAN1960,No,ETC/GMT+7,GMT-07:00,-25200
480,22395,42521,"April 25, 2021",2021-04-25,2021,2,4,25,17,Sun,1,JAN1960,No,ETC/GMT+7,GMT-07:00,-25200
481,22396,42621,"April 26, 2021",2021-04-26,2021,2,4,26,17,Mon,2,JAN1960,No,ETC/GMT+7,GMT-07:00,-25200
482,22397,42721,"April 27, 2021",2021-04-27,2021,2,4,27,17,Tue,3,JAN1960,No,ETC/GMT+7,GMT-07:00,-25200
483,22398,42821,"April 28, 2021",2021-04-28,2021,2,4,28,17,Wed,4,JAN1960,No,ETC/GMT+7,GMT-07:00,-25200
484,22399,42921,"April 29, 2021",2021-04-29,2021,2,4,29,17,Thu,5,JAN1960,No,ETC/GMT+7,GMT-07:00,-25200
485,22400,43021,"April 30, 2021",2021-04-30,2021,2,4,30,17,Fri,6,JAN1960,No,ETC/GMT+7,GMT-07:00,-25200
486,22401,50121,"May 1, 2021",2021-05-01,2021,2,5,1,17,Sat,7,JAN1960,No,ETC/GMT+7,GMT-07:00,-25200
487,22402,50221,"May 2, 2021",2021-05-02,2021,2,5,2,18,Sun,1,JAN1960,No,ETC/GMT+7,GMT-07:00,-25200
488,22403,50321,"May 3, 2021",2021-05-03,2021,2,5,3,18,Mon,2,JAN1960,No,ETC/GMT+7,GMT-07:00,-25200
489,22404,50421,"May 4, 2021",2021-05-04,2021,2,5,4,18,Tue,3,JAN1960,No,ETC/GMT+7,GMT-07:00,-25200
490,22405,50521,"May 5, 2021",2021-05-05,2021,2,5,5,18,Wed,4,JAN1960,No,ETC/GMT+7,GMT-07:00,-25200
491,22406,50621,"May 6, 2021",2021-05-06,2021,2,5,6,18,Thu,5,JAN1960,No,ETC/GMT+7,GMT-07:00,-25200
492,22407,50721,"May 7, 2021",2021-05-07,2021,2,5,7,18,Fri,6,JAN1960,No,ETC/GMT+7,GMT-07:00,-25200
493,22408,50821,"May 8, 2021",2021-05-08,2021,2,5,8,18,Sat,7,JAN1960,No,ETC/GMT+7,GMT-07:00,-25200
494,22409,50921,"May 9, 2021",2021-05-09,2021,2,5,9,19,Sun,1,JAN1960,MOTHERS,ETC/GMT+7,GMT-07:00,-25200
495,22410,51021,"May 10, 2021",2021-05-10,2021,2,5,10,19,Mon,2,JAN1960,No,ETC/GMT+7,GMT-07:00,-25200
496,22411,51121,"May 11, 2021",2021-05-11,2021,2,5,11,19,Tue,3,JAN1960,No,ETC/GMT+7,GMT-07:00,-25200
497,22412,51221,"May 12, 2021",2021-05-12,2021,2,5,12,19,Wed,4,JAN1960,No,ETC/GMT+7,GMT-07:00,-25200
498,22413,51321,"May 13, 2021",2021-05-13,2021,2,5,13,19,Thu,5,JAN1960,No,ETC/GMT+7,GMT-07:00,-25200
499,22414,51421,"May 14, 2021",2021-05-14,2021,2,5,14,19,Fri,6,JAN1960,No,ETC/GMT+7,GMT-07:00,-25200
500,22415,51521,"May 15, 2021",2021-05-15,2021,2,5,15,19,Sat,7,JAN1960,No,ETC/GMT+7,GMT-07:00,-25200
501,22416,51621,"May 16, 2021",2021-05-16,2021,2,5,16,20,Sun,1,JAN1960,No,ETC/GMT+7,GMT-07:00,-25200
502,22417,51721,"May 17, 2021",2021-05-17,2021,2,5,17,20,Mon,2,JAN1960,No,ETC/GMT+7,GMT-07:00,-25200
503,22418,51821,"May 18, 2021",2021-05-18,2021,2,5,18,20,Tue,3,JAN1960,No,ETC/GMT+7,GMT-07:00,-25200
504,22419,51921,"May 19, 2021",2021-05-19,2021,2,5,19,20,Wed,4,JAN1960,No,ETC/GMT+7,GMT-07:00,-25200
505,22420,52021,"May 20, 2021",2021-05-20,2021,2,5,20,20,Thu,5,JAN1960,No,ETC/GMT+7,GMT-07:00,-25200
506,22421,52121,"May 21, 2021",2021-05-21,2021,2,5,21,20,Fri,6,JAN1960,No,ETC/GMT+7,GMT-07:00,-25200
507,22422,52221,"May 22, 2021",2021-05-22,2021,2,5,22,20,Sat,7,JAN1960,No,ETC/GMT+7,GMT-07:00,-25200
508,22423,52321,"May 23, 2021",2021-05-23,2021,2,5,23,21,Sun,1,JAN1960,No,ETC/GMT+7,GMT-07:00,-25200
509,22424,52421,"May 24, 2021",2021-05-24,2021,2,5,24,21,Mon,2,JAN1960,VICTORIA,ETC/GMT+7,GMT-07:00,-25200
510,22425,52521,"May 25, 2021",2021-05-25,2021,2,5,25,21,Tue,3,JAN1960,No,ETC/GMT+7,GMT-07:00,-25200
511,22426,52621,"May 26, 2021",2021-05-26,2021,2,5,26,21,Wed,4,JAN1960,No,ETC/GMT+7,GMT-07:00,-25200
512,22427,52721,"May 27, 2021",2021-05-27,2021,2,5,27,21,Thu,5,JAN1960,No,ETC/GMT+7,GMT-07:00,-25200
513,22428,52821,"May 28, 2021",2021-05-28,2021,2,5,28,21,Fri,6,JAN1960,No,ETC/GMT+7,GMT-07:00,-25200
514,22429,52921,"May 29, 2021",2021-05-29,2021,2,5,29,21,Sat,7,JAN1960,No,ETC/GMT+7,GMT-07:00,-25200
515,22430,53021,"May 30, 2021",2021-05-30,2021,2,5,30,22,Sun,1,JAN1960,No,ETC/GMT+7,GMT-07:00,-25200
516,22431,53121,"May 31, 2021",2021-05-31,2021,2,5,31,22,Mon,2,JAN1960,MEMORIAL,ETC/GMT+7,GMT-07:00,-25200
517,22432,60121,"June 1, 2021",2021-06-01,2021,2,6,1,22,Tue,3,JAN1960,No,ETC/GMT+7,GMT-07:00,-25200
518,22433,60221,"June 2, 2021",2021-06-02,2021,2,6,2,22,Wed,4,JAN1960,No,ETC/GMT+7,GMT-07:00,-25200
519,22434,60321,"June 3, 2021",2021-06-03,2021,2,6,3,22,Thu,5,JAN1960,No,ETC/GMT+7,GMT-07:00,-25200
520,22435,60421,"June 4, 2021",2021-06-04,2021,2,6,4,22,Fri,6,JAN1960,No,ETC/GMT+7,GMT-07:00,-25200
521,22436,60521,"June 5, 2021",2021-06-05,2021,2,6,5,22,Sat,7,JAN1960,No,ETC/GMT+7,GMT-07:00,-25200
522,22437,60621,"June 6, 2021",2021-06-06,2021,2,6,6,23,Sun,1,JAN1960,No,ETC/GMT+7,GMT-07:00,-25200
523,22438,60721,"June 7, 2021",2021-06-07,2021,2,6,7,23,Mon,2,JAN1960,No,ETC/GMT+7,GMT-07:00,-25200
524,22439,60821,"June 8, 2021",2021-06-08,2021,2,6,8,23,Tue,3,JAN1960,No,ETC/GMT+7,GMT-07:00,-25200
525,22440,60921,"June 9, 2021",2021-06-09,2021,2,6,9,23,Wed,4,JAN1960,No,ETC/GMT+7,GMT-07:00,-25200
526,22441,61021,"June 10, 2021",2021-06-10,2021,2,6,10,23,Thu,5,JAN1960,No,ETC/GMT+7,GMT-07:00,-25200
527,22442,61121,"June 11, 2021",2021-06-11,2021,2,6,11,23,Fri,6,JAN1960,No,ETC/GMT+7,GMT-07:00,-25200
528,22443,61221,"June 12, 2021",2021-06-12,2021,2,6,12,23,Sat,7,JAN1960,No,ETC/GMT+7,GMT-07:00,-25200
529,22444,61321,"June 13, 2021",2021-06-13,2021,2,6,13,24,Sun,1,JAN1960,No,ETC/GMT+7,GMT-07:00,-25200
530,22445,61421,"June 14, 2021",2021-06-14,2021,2,6,14,24,Mon,2,JAN1960,No,ETC/GMT+7,GMT-07:00,-25200
531,22446,61521,"June 15, 2021",2021-06-15,2021,2,6,15,24,Tue,3,JAN1960,No,ETC/GMT+7,GMT-07:00,-25200
532,22447,61621,"June 16, 2021",2021-06-16,2021,2,6,16,24,Wed,4,JAN1960,No,ETC/GMT+7,GMT-07:00,-25200
533,22448,61721,"June 17, 2021",2021-06-17,2021,2,6,17,24,Thu,5,JAN1960,No,ETC/GMT+7,GMT-07:00,-25200
534,22449,61821,"June 18, 2021",2021-06-18,2021,2,6,18,24,Fri,6,JAN1960,No,ETC/GMT+7,GMT-07:00,-25200
535,22450,61921,"June 19, 2021",2021-06-19,2021,2,6,19,24,Sat,7,JAN1960,No,ETC/GMT+7,GMT-07:00,-25200
536,22451,62021,"June 20, 2021",2021-06-20,2021,2,6,20,25,Sun,1,JAN1960,FATHERS,ETC/GMT+7,GMT-07:00,-25200
537,22452,62121,"June 21, 2021",2021-06-21,2021,2,6,21,25,Mon,2,JAN1960,No,ETC/GMT+7,GMT-07:00,-25200
538,22453,62221,"June 22, 2021",2021-06-22,2021,2,6,22,25,Tue,3,JAN1960,No,ETC/GMT+7,GMT-07:00,-25200
539,22454,62321,"June 23, 2021",2021-06-23,2021,2,6,23,25,Wed,4,JAN1960,No,ETC/GMT+7,GMT-07:00,-25200
540,22455,62421,"June 24, 2021",2021-06-24,2021,2,6,24,25,Thu,5,JAN1960,No,ETC/GMT+7,GMT-07:00,-25200
541,22456,62521,"June 25, 2021",2021-06-25,2021,2,6,25,25,Fri,6,JAN1960,No,ETC/GMT+7,GMT-07:00,-25200
542,22457,62621,"June 26, 2021",2021-06-26,2021,2,6,26,25,Sat,7,JAN1960,No,ETC/GMT+7,GMT-07:00,-25200
543,22458,62721,"June 27, 2021",2021-06-27,2021,2,6,27,26,Sun,1,JAN1960,No,ETC/GMT+7,GMT-07:00,-25200
544,22459,62821,"June 28, 2021",2021-06-28,2021,2,6,28,26,Mon,2,JAN1960,No,ETC/GMT+7,GMT-07:00,-25200
545,22460,62921,"June 29, 2021",2021-06-29,2021,2,6,29,26,Tue,3,JAN1960,No,ETC/GMT+7,GMT-07:00,-25200
546,22461,63021,"June 30, 2021",2021-06-30,2021,2,6,30,26,Wed,4,JAN1960,No,ETC/GMT+7,GMT-07:00,-25200
547,22462,70121,"July 1, 2021",2021-07-01,2021,3,7,1,26,Thu,5,JAN1960,CANADA,ETC/GMT+7,GMT-07:00,-25200
548,22463,70221,"July 2, 2021",2021-07-02,2021,3,7,2,26,Fri,6,JAN1960,No,ETC/GMT+7,GMT-07:00,-25200
549,22464,70321,"July 3, 2021",2021-07-03,2021,3,7,3,26,Sat,7,JAN1960,No,ETC/GMT+7,GMT-07:00,-25200
550,22465,70421,"July 4, 2021",2021-07-04,2021,3,7,4,27,Sun,1,JAN1960,USINDEPENDENCE,ETC/GMT+7,GMT-07:00,-25200
551,22466,70521,"July 5, 2021",2021-07-05,2021,3,7,5,27,Mon,2,JAN1960,No,ETC/GMT+7,GMT-07:00,-25200
552,22467,70621,"July 6, 2021",2021-07-06,2021,3,7,6,27,Tue,3,JAN1960,No,ETC/GMT+7,GMT-07:00,-25200
553,22468,70721,"July 7, 2021",2021-07-07,2021,3,7,7,27,Wed,4,JAN1960,No,ETC/GMT+7,GMT-07:00,-25200
554,22469,70821,"July 8, 2021",2021-07-08,2021,3,7,8,27,Thu,5,JAN1960,No,ETC/GMT+7,GMT-07:00,-25200
555,22470,70921,"July 9, 2021",2021-07-09,2021,3,7,9,27,Fri,6,JAN1960,No,ETC/GMT+7,GMT-07:00,-25200
556,22471,71021,"July 10, 2021",2021-07-10,2021,3,7,10,27,Sat,7,JAN1960,No,ETC/GMT+7,GMT-07:00,-25200
557,22472,71121,"July 11, 2021",2021-07-11,2021,3,7,11,28,Sun,1,JAN1960,No,ETC/GMT+7,GMT-07:00,-25200
558,22473,71221,"July 12, 2021",2021-07-12,2021,3,7,12,28,Mon,2,JAN1960,No,ETC/GMT+7,GMT-07:00,-25200
559,22474,71321,"July 13, 2021",2021-07-13,2021,3,7,13,28,Tue,3,JAN1960,No,ETC/GMT+7,GMT-07:00,-25200
560,22475,71421,"July 14, 2021",2021-07-14,2021,3,7,14,28,Wed,4,JAN1960,No,ETC/GMT+7,GMT-07:00,-25200
561,22476,71521,"July 15, 2021",2021-07-15,2021,3,7,15,28,Thu,5,JAN1960,No,ETC/GMT+7,GMT-07:00,-25200
562,22477,71621,"July 16, 2021",2021-07-16,2021,3,7,16,28,Fri,6,JAN1960,No,ETC/GMT+7,GMT-07:00,-25200
563,22478,71721,"July 17, 2021",2021-07-17,2021,3,7,17,28,Sat,7,JAN1960,No,ETC/GMT+7,GMT-07:00,-25200
564,22479,71821,"July 18, 2021",2021-07-18,2021,3,7,18,29,Sun,1,JAN1960,No,ETC/GMT+7,GMT-07:00,-25200
565,22480,71921,"July 19, 2021",2021-07-19,2021,3,7,19,29,Mon,2,JAN1960,No,ETC/GMT+7,GMT-07:00,-25200
566,22481,72021,"July 20, 2021",2021-07-20,2021,3,7,20,29,Tue,3,JAN1960,No,ETC/GMT+7,GMT-07:00,-25200
567,22482,72121,"July 21, 2021",2021-07-21,2021,3,7,21,29,Wed,4,JAN1960,No,ETC/GMT+7,GMT-07:00,-25200
568,22483,72221,"July 22, 2021",2021-07-22,2021,3,7,22,29,Thu,5,JAN1960,No,ETC/GMT+7,GMT-07:00,-25200
569,22484,72321,"July 23, 2021",2021-07-23,2021,3,7,23,29,Fri,6,JAN1960,No,ETC/GMT+7,GMT-07:00,-25200
570,22485,72421,"July 24, 2021",2021-07-24,2021,3,7,24,29,Sat,7,JAN1960,No,ETC/GMT+7,GMT-07:00,-25200
571,22486,72521,"July 25, 2021",2021-07-25,2021,3,7,25,30,Sun,1,JAN1960,No,ETC/GMT+7,GMT-07:00,-25200
572,22487,72621,"July 26, 2021",2021-07-26,2021,3,7,26,30,Mon,2,JAN1960,No,ETC/GMT+7,GMT-07:00,-25200
573,22488,72721,"July 27, 2021",2021-07-27,2021,3,7,27,30,Tue,3,JAN1960,No,ETC/GMT+7,GMT-07:00,-25200
574,22489,72821,"July 28, 2021",2021-07-28,2021,3,7,28,30,Wed,4,JAN1960,No,ETC/GMT+7,GMT-07:00,-25200
575,22490,72921,"July 29, 2021",2021-07-29,2021,3,7,29,30,Thu,5,JAN1960,No,ETC/GMT+7,GMT-07:00,-25200
576,22491,73021,"July 30, 2021",2021-07-30,2021,3,7,30,30,Fri,6,JAN1960,No,ETC/GMT+7,GMT-07:00,-25200
577,22492,73121,"July 31, 2021",2021-07-31,2021,3,7,31,30,Sat,7,JAN1960,No,ETC/GMT+7,GMT-07:00,-25200
578,22493,80121,"August 1, 2021",2021-08-01,2021,3,8,1,31,Sun,1,JAN1960,No,ETC/GMT+7,GMT-07:00,-25200
579,22494,80221,"August 2, 2021",2021-08-02,2021,3,8,2,31,Mon,2,JAN1960,No,ETC/GMT+7,GMT-07:00,-25200
580,22495,80321,"August 3, 2021",2021-08-03,2021,3,8,3,31,Tue,3,JAN1960,No,ETC/GMT+7,GMT-07:00,-25200
581,22496,80421,"August 4, 2021",2021-08-04,2021,3,8,4,31,Wed,4,JAN1960,No,ETC/GMT+7,GMT-07:00,-25200
582,22497,80521,"August 5, 2021",2021-08-05,2021,3,8,5,31,Thu,5,JAN1960,No,ETC/GMT+7,GMT-07:00,-25200
583,22498,80621,"August 6, 2021",2021-08-06,2021,3,8,6,31,Fri,6,JAN1960,No,ETC/GMT+7,GMT-07:00,-25200
584,22499,80721,"August 7, 2021",2021-08-07,2021,3,8,7,31,Sat,7,JAN1960,No,ETC/GMT+7,GMT-07:00,-25200
585,22500,80821,"August 8, 2021",2021-08-08,2021,3,8,8,32,Sun,1,JAN1960,No,ETC/GMT+7,GMT-07:00,-25200
586,22501,80921,"August 9, 2021",2021-08-09,2021,3,8,9,32,Mon,2,JAN1960,No,ETC/GMT+7,GMT-07:00,-25200
587,22502,81021,"August 10, 2021",2021-08-10,2021,3,8,10,32,Tue,3,JAN1960,No,ETC/GMT+7,GMT-07:00,-25200
588,22503,81121,"August 11, 2021",2021-08-11,2021,3,8,11,32,Wed,4,JAN1960,No,ETC/GMT+7,GMT-07:00,-25200
589,22504,81221,"August 12, 2021",2021-08-12,2021,3,8,12,32,Thu,5,JAN1960,No,ETC/GMT+7,GMT-07:00,-25200
590,22505,81321,"August 13, 2021",2021-08-13,2021,3,8,13,32,Fri,6,JAN1960,No,ETC/GMT+7,GMT-07:00,-25200
591,22506,81421,"August 14, 2021",2021-08-14,2021,3,8,14,32,Sat,7,JAN1960,No,ETC/GMT+7,GMT-07:00,-25200
592,22507,81521,"August 15, 2021",2021-08-15,2021,3,8,15,33,Sun,1,JAN1960,No,ETC/GMT+7,GMT-07:00,-25200
593,22508,81621,"August 16, 2021",2021-08-16,2021,3,8,16,33,Mon,2,JAN1960,No,ETC/GMT+7,GMT-07:00,-25200
594,22509,81721,"August 17, 2021",2021-08-17,2021,3,8,17,33,Tue,3,JAN1960,No,ETC/GMT+7,GMT-07:00,-25200
595,22510,81821,"August 18, 2021",2021-08-18,2021,3,8,18,33,Wed,4,JAN1960,No,ETC/GMT+7,GMT-07:00,-25200
596,22511,81921,"August 19, 2021",2021-08-19,2021,3,8,19,33,Thu,5,JAN1960,No,ETC/GMT+7,GMT-07:00,-25200
597,22512,82021,"August 20, 2021",2021-08-20,2021,3,8,20,33,Fri,6,JAN1960,No,ETC/GMT+7,GMT-07:00,-25200
598,22513,82121,"August 21, 2021",2021-08-21,2021,3,8,21,33,Sat,7,JAN1960,No,ETC/GMT+7,GMT-07:00,-25200
599,22514,82221,"August 22, 2021",2021-08-22,2021,3,8,22,34,Sun,1,JAN1960,No,ETC/GMT+7,GMT-07:00,-25200
600,22515,82321,"August 23, 2021",2021-08-23,2021,3,8,23,34,Mon,2,JAN1960,No,ETC/GMT+7,GMT-07:00,-25200
601,22516,82421,"August 24, 2021",2021-08-24,2021,3,8,24,34,Tue,3,JAN1960,No,ETC/GMT+7,GMT-07:00,-25200
602,22517,82521,"August 25, 2021",2021-08-25,2021,3,8,25,34,Wed,4,JAN1960,No,ETC/GMT+7,GMT-07:00,-25200
603,22518,82621,"August 26, 2021",2021-08-26,2021,3,8,26,34,Thu,5,JAN1960,No,ETC/GMT+7,GMT-07:00,-25200
604,22519,82721,"August 27, 2021",2021-08-27,2021,3,8,27,34,Fri,6,JAN1960,No,ETC/GMT+7,GMT-07:00,-25200
605,22520,82821,"August 28, 2021",2021-08-28,2021,3,8,28,34,Sat,7,JAN1960,No,ETC/GMT+7,GMT-07:00,-25200
606,22521,82921,"August 29, 2021",2021-08-29,2021,3,8,29,35,Sun,1,JAN1960,No,ETC/GMT+7,GMT-07:00,-25200
607,22522,83021,"August 30, 2021",2021-08-30,2021,3,8,30,35,Mon,2,JAN1960,No,ETC/GMT+7,GMT-07:00,-25200
608,22523,83121,"August 31, 2021",2021-08-31,2021,3,8,31,35,Tue,3,JAN1960,No,ETC/GMT+7,GMT-07:00,-25200
609,22524,90121,"September 1, 2021",2021-09-01,2021,3,9,1,35,Wed,4,JAN1960,No,ETC/GMT+7,GMT-07:00,-25200
610,22525,90221,"September 2, 2021",2021-09-02,2021,3,9,2,35,Thu,5,JAN1960,No,ETC/GMT+7,GMT-07:00,-25200
611,22526,90321,"September 3, 2021",2021-09-03,2021,3,9,3,35,Fri,6,JAN1960,No,ETC/GMT+7,GMT-07:00,-25200
612,22527,90421,"September 4, 2021",2021-09-04,2021,3,9,4,35,Sat,7,JAN1960,No,ETC/GMT+7,GMT-07:00,-25200
613,22528,90521,"September 5, 2021",2021-09-05,2021,3,9,5,36,Sun,1,JAN1960,No,ETC/GMT+7,GMT-07:00,-25200
614,22529,90621,"September 6, 2021",2021-09-06,2021,3,9,6,36,Mon,2,JAN1960,LABOR,ETC/GMT+7,GMT-07:00,-25200
615,22530,90721,"September 7, 2021",2021-09-07,2021,3,9,7,36,Tue,3,JAN1960,No,ETC/GMT+7,GMT-07:00,-25200
616,22531,90821,"September 8, 2021",2021-09-08,2021,3,9,8,36,Wed,4,JAN1960,No,ETC/GMT+7,GMT-07:00,-25200
617,22532,90921,"September 9, 2021",2021-09-09,2021,3,9,9,36,Thu,5,JAN1960,No,ETC/GMT+7,GMT-07:00,-25200
618,22533,91021,"September 10, 2021",2021-09-10,2021,3,9,10,36,Fri,6,JAN1960,No,ETC/GMT+7,GMT-07:00,-25200
619,22534,91121,"September 11, 2021",2021-09-11,2021,3,9,11,36,Sat,7,JAN1960,No,ETC/GMT+7,GMT-07:00,-25200
620,22535,91221,"September 12, 2021",2021-09-12,2021,3,9,12,37,Sun,1,JAN1960,No,ETC/GMT+7,GMT-07:00,-25200
621,22536,91321,"September 13, 2021",2021-09-13,2021,3,9,13,37,Mon,2,JAN1960,No,ETC/GMT+7,GMT-07:00,-25200
622,22537,91421,"September 14, 2021",2021-09-14,2021,3,9,14,37,Tue,3,JAN1960,No,ETC/GMT+7,GMT-07:00,-25200
623,22538,91521,"September 15, 2021",2021-09-15,2021,3,9,15,37,Wed,4,JAN1960,No,ETC/GMT+7,GMT-07:00,-25200
624,22539,91621,"September 16, 2021",2021-09-16,2021,3,9,16,37,Thu,5,JAN1960,No,ETC/GMT+7,GMT-07:00,-25200
625,22540,91721,"September 17, 2021",2021-09-17,2021,3,9,17,37,Fri,6,JAN1960,No,ETC/GMT+7,GMT-07:00,-25200
626,22541,91821,"September 18, 2021",2021-09-18,2021,3,9,18,37,Sat,7,JAN1960,No,ETC/GMT+7,GMT-07:00,-25200
627,22542,91921,"September 19, 2021",2021-09-19,2021,3,9,19,38,Sun,1,JAN1960,No,ETC/GMT+7,GMT-07:00,-25200
628,22543,92021,"September 20, 2021",2021-09-20,2021,3,9,20,38,Mon,2,JAN1960,No,ETC/GMT+7,GMT-07:00,-25200
629,22544,92121,"September 21, 2021",2021-09-21,2021,3,9,21,38,Tue,3,JAN1960,No,ETC/GMT+7,GMT-07:00,-25200
630,22545,92221,"September 22, 2021",2021-09-22,2021,3,9,22,38,Wed,4,JAN1960,No,ETC/GMT+7,GMT-07:00,-25200
631,22546,92321,"September 23, 2021",2021-09-23,2021,3,9,23,38,Thu,5,JAN1960,No,ETC/GMT+7,GMT-07:00,-25200
632,22547,92421,"September 24, 2021",2021-09-24,2021,3,9,24,38,Fri,6,JAN1960,No,ETC/GMT+7,GMT-07:00,-25200
633,22548,92521,"September 25, 2021",2021-09-25,2021,3,9,25,38,Sat,7,JAN1960,No,ETC/GMT+7,GMT-07:00,-25200
634,22549,92621,"September 26, 2021",2021-09-26,2021,3,9,26,39,Sun,1,JAN1960,No,ETC/GMT+7,GMT-07:00,-25200
635,22550,92721,"September 27, 2021",2021-09-27,2021,3,9,27,39,Mon,2,JAN1960,No,ETC/GMT+7,GMT-07:00,-25200
636,22551,92821,"September 28, 2021",2021-09-28,2021,3,9,28,39,Tue,3,JAN1960,No,ETC/GMT+7,GMT-07:00,-25200
637,22552,92921,"September 29, 2021",2021-09-29,2021,3,9,29,39,Wed,4,JAN1960,No,ETC/GMT+7,GMT-07:00,-25200
638,22553,93021,"September 30, 2021",2021-09-30,2021,3,9,30,39,Thu,5,JAN1960,No,ETC/GMT+7,GMT-07:00,-25200
639,22554,100121,"October 1, 2021",2021-10-01,2021,4,10,1,39,Fri,6,JAN1960,No,ETC/GMT+7,GMT-07:00,-25200
640,22555,100221,"October 2, 2021",2021-10-02,2021,4,10,2,39,Sat,7,JAN1960,No,ETC/GMT+7,GMT-07:00,-25200
641,22556,100321,"October 3, 2021",2021-10-03,2021,4,10,3,40,Sun,1,JAN1960,No,ETC/GMT+7,GMT-07:00,-25200
642,22557,100421,"October 4, 2021",2021-10-04,2021,4,10,4,40,Mon,2,JAN1960,No,ETC/GMT+7,GMT-07:00,-25200
643,22558,100521,"October 5, 2021",2021-10-05,2021,4,10,5,40,Tue,3,JAN1960,No,ETC/GMT+7,GMT-07:00,-25200
644,22559,100621,"October 6, 2021",2021-10-06,2021,4,10,6,40,Wed,4,JAN1960,No,ETC/GMT+7,GMT-07:00,-25200
645,22560,100721,"October 7, 2021",2021-10-07,2021,4,10,7,40,Thu,5,JAN1960,No,ETC/GMT+7,GMT-07:00,-25200
646,22561,100821,"October 8, 2021",2021-10-08,2021,4,10,8,40,Fri,6,JAN1960,No,ETC/GMT+7,GMT-07:00,-25200
647,22562,100921,"October 9, 2021",2021-10-09,2021,4,10,9,40,Sat,7,JAN1960,No,ETC/GMT+7,GMT-07:00,-25200
648,22563,101021,"October 10, 2021",2021-10-10,2021,4,10,10,41,Sun,1,JAN1960,No,ETC/GMT+7,GMT-07:00,-25200
649,22564,101121,"October 11, 2021",2021-10-11,2021,4,10,11,41,Mon,2,JAN1960,THANKSGIVINGCANADA,ETC/GMT+7,GMT-07:00,-25200
650,22565,101221,"October 12, 2021",2021-10-12,2021,4,10,12,41,Tue,3,JAN1960,No,ETC/GMT+7,GMT-07:00,-25200
651,22566,101321,"October 13, 2021",2021-10-13,2021,4,10,13,41,Wed,4,JAN1960,No,ETC/GMT+7,GMT-07:00,-25200
652,22567,101421,"October 14, 2021",2021-10-14,2021,4,10,14,41,Thu,5,JAN1960,No,ETC/GMT+7,GMT-07:00,-25200
653,22568,101521,"October 15, 2021",2021-10-15,2021,4,10,15,41,Fri,6,JAN1960,No,ETC/GMT+7,GMT-07:00,-25200
654,22569,101621,"October 16, 2021",2021-10-16,2021,4,10,16,41,Sat,7,JAN1960,No,ETC/GMT+7,GMT-07:00,-25200
655,22570,101721,"October 17, 2021",2021-10-17,2021,4,10,17,42,Sun,1,JAN1960,No,ETC/GMT+7,GMT-07:00,-25200
656,22571,101821,"October 18, 2021",2021-10-18,2021,4,10,18,42,Mon,2,JAN1960,No,ETC/GMT+7,GMT-07:00,-25200
657,22572,101921,"October 19, 2021",2021-10-19,2021,4,10,19,42,Tue,3,JAN1960,No,ETC/GMT+7,GMT-07:00,-25200
658,22573,102021,"October 20, 2021",2021-10-20,2021,4,10,20,42,Wed,4,JAN1960,No,ETC/GMT+7,GMT-07:00,-25200
659,22574,102121,"October 21, 2021",2021-10-21,2021,4,10,21,42,Thu,5,JAN1960,No,ETC/GMT+7,GMT-07:00,-25200
660,22575,102221,"October 22, 2021",2021-10-22,2021,4,10,22,42,Fri,6,JAN1960,No,ETC/GMT+7,GMT-07:00,-25200
661,22576,102321,"October 23, 2021",2021-10-23,2021,4,10,23,42,Sat,7,JAN1960,No,ETC/GMT+7,GMT-07:00,-25200
662,22577,102421,"October 24, 2021",2021-10-24,2021,4,10,24,43,Sun,1,JAN1960,No,ETC/GMT+7,GMT-07:00,-25200
663,22578,102521,"October 25, 2021",2021-10-25,2021,4,10,25,43,Mon,2,JAN1960,No,ETC/GMT+7,GMT-07:00,-25200
664,22579,102621,"October 26, 2021",2021-10-26,2021,4,10,26,43,Tue,3,JAN1960,No,ETC/GMT+7,GMT-07:00,-25200
665,22580,102721,"October 27, 2021",2021-10-27,2021,4,10,27,43,Wed,4,JAN1960,No,ETC/GMT+7,GMT-07:00,-25200
666,22581,102821,"October 28, 2021",2021-10-28,2021,4,10,28,43,Thu,5,JAN1960,No,ETC/GMT+7,GMT-07:00,-25200
667,22582,102921,"October 29, 2021",2021-10-29,2021,4,10,29,43,Fri,6,JAN1960,No,ETC/GMT+7,GMT-07:00,-25200
668,22583,103021,"October 30, 2021",2021-10-30,2021,4,10,30,43,Sat,7,JAN1960,No,ETC/GMT+7,GMT-07:00,-25200
669,22584,103121,"October 31, 2021",2021-10-31,2021,4,10,31,44,Sun,1,JAN1960,HALLOWEEN,ETC/GMT+7,GMT-07:00,-25200
670,22585,110121,"November 1, 2021",2021-11-01,2021,4,11,1,44,Mon,2,JAN1960,No,ETC/GMT+7,GMT-07:00,-25200
671,22586,110221,"November 2, 2021",2021-11-02,2021,4,11,2,44,Tue,3,JAN1960,No,ETC/GMT+7,GMT-07:00,-25200
672,22587,110321,"November 3, 2021",2021-11-03,2021,4,11,3,44,Wed,4,JAN1960,No,ETC/GMT+7,GMT-07:00,-25200
673,22588,110421,"November 4, 2021",2021-11-04,2021,4,11,4,44,Thu,5,JAN1960,No,ETC/GMT+7,GMT-07:00,-25200
674,22589,110521,"November 5, 2021",2021-11-05,2021,4,11,5,44,Fri,6,JAN1960,No,ETC/GMT+7,GMT-07:00,-25200
675,22590,110621,"November 6, 2021",2021-11-06,2021,4,11,6,44,Sat,7,JAN1960,No,ETC/GMT+7,GMT-07:00,-25200
676,22591,110721,"November 7, 2021",2021-11-07,2021,4,11,7,45,Sun,1,JAN1960,No,ETC/GMT+7,GMT-07:00,-25200
677,22592,110821,"November 8, 2021",2021-11-08,2021,4,11,8,45,Mon,2,JAN1960,No,ETC/GMT+7,GMT-07:00,-25200
678,22593,110921,"November 9, 2021",2021-11-09,2021,4,11,9,45,Tue,3,JAN1960,No,ETC/GMT+7,GMT-07:00,-25200
679,22594,111021,"November 10, 2021",2021-11-10,2021,4,11,10,45,Wed,4,JAN1960,No,ETC/GMT+7,GMT-07:00,-25200
680,22595,111121,"November 11, 2021",2021-11-11,2021,4,11,11,45,Thu,5,JAN1960,VETERANS,ETC/GMT+7,GMT-07:00,-25200
681,22596,111221,"November 12, 2021",2021-11-12,2021,4,11,12,45,Fri,6,JAN1960,No,ETC/GMT+7,GMT-07:00,-25200
682,22597,111321,"November 13, 2021",2021-11-13,2021,4,11,13,45,Sat,7,JAN1960,No,ETC/GMT+7,GMT-07:00,-25200
683,22598,111421,"November 14, 2021",2021-11-14,2021,4,11,14,46,Sun,1,JAN1960,No,ETC/GMT+7,GMT-07:00,-25200
684,22599,111521,"November 15, 2021",2021-11-15,2021,4,11,15,46,Mon,2,JAN1960,No,ETC/GMT+7,GMT-07:00,-25200
685,22600,111621,"November 16, 2021",2021-11-16,2021,4,11,16,46,Tue,3,JAN1960,No,ETC/GMT+7,GMT-07:00,-25200
686,22601,111721,"November 17, 2021",2021-11-17,2021,4,11,17,46,Wed,4,JAN1960,No,ETC/GMT+7,GMT-07:00,-25200
687,22602,111821,"November 18, 2021",2021-11-18,2021,4,11,18,46,Thu,5,JAN1960,No,ETC/GMT+7,GMT-07:00,-25200
688,22603,111921,"November 19, 2021",2021-11-19,2021,4,11,19,46,Fri,6,JAN1960,No,ETC/GMT+7,GMT-07:00,-25200
689,22604,112021,"November 20, 2021",2021-11-20,2021,4,11,20,46,Sat,7,JAN1960,No,ETC/GMT+7,GMT-07:00,-25200
690,22605,112121,"November 21, 2021",2021-11-21,2021,4,11,21,47,Sun,1,JAN1960,No,ETC/GMT+7,GMT-07:00,-25200
691,22606,112221,"November 22, 2021",2021-11-22,2021,4,11,22,47,Mon,2,JAN1960,No,ETC/GMT+7,GMT-07:00,-25200
692,22607,112321,"November 23, 2021",2021-11-23,2021,4,11,23,47,Tue,3,JAN1960,No,ETC/GMT+7,GMT-07:00,-25200
693,22608,112421,"November 24, 2021",2021-11-24,2021,4,11,24,47,Wed,4,JAN1960,No,ETC/GMT+7,GMT-07:00,-25200
694,22609,112521,"November 25, 2021",2021-11-25,2021,4,11,25,47,Thu,5,JAN1960,THANKSGIVING,ETC/GMT+7,GMT-07:00,-25200
695,22610,112621,"November 26, 2021",2021-11-26,2021,4,11,26,47,Fri,6,JAN1960,No,ETC/GMT+7,GMT-07:00,-25200
696,22611,112721,"November 27, 2021",2021-11-27,2021,4,11,27,47,Sat,7,JAN1960,No,ETC/GMT+7,GMT-07:00,-25200
697,22612,112821,"November 28, 2021",2021-11-28,2021,4,11,28,48,Sun,1,JAN1960,No,ETC/GMT+7,GMT-07:00,-25200
698,22613,112921,"November 29, 2021",2021-11-29,2021,4,11,29,48,Mon,2,JAN1960,No,ETC/GMT+7,GMT-07:00,-25200
699,22614,113021,"November 30, 2021",2021-11-30,2021,4,11,30,48,Tue,3,JAN1960,No,ETC/GMT+7,GMT-07:00,-25200
700,22615,120121,"December 1, 2021",2021-12-01,2021,4,12,1,48,Wed,4,JAN1960,No,ETC/GMT+7,GMT-07:00,-25200
701,22616,120221,"December 2, 2021",2021-12-02,2021,4,12,2,48,Thu,5,JAN1960,No,ETC/GMT+7,GMT-07:00,-25200
702,22617,120321,"December 3, 2021",2021-12-03,2021,4,12,3,48,Fri,6,JAN1960,No,ETC/GMT+7,GMT-07:00,-25200
703,22618,120421,"December 4, 2021",2021-12-04,2021,4,12,4,48,Sat,7,JAN1960,No,ETC/GMT+7,GMT-07:00,-25200
704,22619,120521,"December 5, 2021",2021-12-05,2021,4,12,5,49,Sun,1,JAN1960,No,ETC/GMT+7,GMT-07:00,-25200
705,22620,120621,"December 6, 2021",2021-12-06,2021,4,12,6,49,Mon,2,JAN1960,No,ETC/GMT+7,GMT-07:00,-25200
706,22621,120721,"December 7, 2021",2021-12-07,2021,4,12,7,49,Tue,3,JAN1960,No,ETC/GMT+7,GMT-07:00,-25200
707,22622,120821,"December 8, 2021",2021-12-08,2021,4,12,8,49,Wed,4,JAN1960,No,ETC/GMT+7,GMT-07:00,-25200
708,22623,120921,"December 9, 2021",2021-12-09,2021,4,12,9,49,Thu,5,JAN1960,No,ETC/GMT+7,GMT-07:00,-25200
709,22624,121021,"December 10, 2021",2021-12-10,2021,4,12,10,49,Fri,6,JAN1960,No,ETC/GMT+7,GMT-07:00,-25200
710,22625,121121,"December 11, 2021",2021-12-11,2021,4,12,11,49,Sat,7,JAN1960,No,ETC/GMT+7,GMT-07:00,-25200
711,22626,121221,"December 12, 2021",2021-12-12,2021,4,12,12,50,Sun,1,JAN1960,No,ETC/GMT+7,GMT-07:00,-25200
712,22627,121321,"December 13, 2021",2021-12-13,2021,4,12,13,50,Mon,2,JAN1960,No,ETC/GMT+7,GMT-07:00,-25200
713,22628,121421,"December 14, 2021",2021-12-14,2021,4,12,14,50,Tue,3,JAN1960,No,ETC/GMT+7,GMT-07:00,-25200
714,22629,121521,"December 15, 2021",2021-12-15,2021,4,12,15,50,Wed,4,JAN1960,No,ETC/GMT+7,GMT-07:00,-25200
715,22630,121621,"December 16, 2021",2021-12-16,2021,4,12,16,50,Thu,5,JAN1960,No,ETC/GMT+7,GMT-07:00,-25200
716,22631,121721,"December 17, 2021",2021-12-17,2021,4,12,17,50,Fri,6,JAN1960,No,ETC/GMT+7,GMT-07:00,-25200
717,22632,121821,"December 18, 2021",2021-12-18,2021,4,12,18,50,Sat,7,JAN1960,No,ETC/GMT+7,GMT-07:00,-25200
718,22633,121921,"December 19, 2021",2021-12-19,2021,4,12,19,51,Sun,1,JAN1960,No,ETC/GMT+7,GMT-07:00,-25200
719,22634,122021,"December 20, 2021",2021-12-20,2021,4,12,20,51,Mon,2,JAN1960,No,ETC/GMT+7,GMT-07:00,-25200
720,22635,122121,"December 21, 2021",2021-12-21,2021,4,12,21,51,Tue,3,JAN1960,No,ETC/GMT+7,GMT-07:00,-25200
721,22636,122221,"December 22, 2021",2021-12-22,2021,4,12,22,51,Wed,4,JAN1960,No,ETC/GMT+7,GMT-07:00,-25200
722,22637,122321,"December 23, 2021",2021-12-23,2021,4,12,23,51,Thu,5,JAN1960,No,ETC/GMT+7,GMT-07:00,-25200
723,22638,122421,"December 24, 2021",2021-12-24,2021,4,12,24,51,Fri,6,JAN1960,No,ETC/GMT+7,GMT-07:00,-25200
724,22639,122521,"December 25, 2021",2021-12-25,2021,4,12,25,51,Sat,7,JAN1960,CHRISTMAS,ETC/GMT+7,GMT-07:00,-25200
725,22640,122621,"December 26, 2021",2021-12-26,2021,4,12,26,52,Sun,1,JAN1960,BOXING,ETC/GMT+7,GMT-07:00,-25200
726,22641,122721,"December 27, 2021",2021-12-27,2021,4,12,27,52,Mon,2,JAN1960,No,ETC/GMT+7,GMT-07:00,-25200
727,22642,122821,"December 28, 2021",2021-12-28,2021,4,12,28,52,Tue,3,JAN1960,No,ETC/GMT+7,GMT-07:00,-25200
728,22643,122921,"December 29, 2021",2021-12-29,2021,4,12,29,52,Wed,4,JAN1960,No,ETC/GMT+7,GMT-07:00,-25200
729,22644,123021,"December 30, 2021",2021-12-30,2021,4,12,30,52,Thu,5,JAN1960,No,ETC/GMT+7,GMT-07:00,-25200
730,22645,123121,"December 31, 2021",2021-12-31,2021,4,12,31,52,Fri,6,JAN1960,No,ETC/GMT+7,GMT-07:00,-25200
