surrogate_key,x,y,STATION_NAME,CLIMATE_IDENTIFIER,ID,LOCAL_DATE,PROVINCE_CODE,LOCAL_YEAR,LOCAL_MONTH,LOCAL_DAY,MEAN_TEMPERATURE,MIN_TEMPERATURE,MAX_TEMPERATURE,TOTAL_PRECIPITATION,TOTAL_RAIN,TOTAL_SNOW,DIRECTION_MAX_GUST,SPEED_MAX_GUST,COOLING_DEGREE_DAYS,HEATING_DEGREE_DAYS
0,-75.66666666666667,45.31666666666667,OTTAWA INTL A,6106001,6106001201681,2016-08-01,ON,2016,8,1,23.6,16.8,30.3,0.0,0.0,0.0,8.0,41.0,5.6,0.0
1,-75.66666666666667,45.31666666666667,OTTAWA INTL A,6106001,6106001201682,2016-08-02,ON,2016,8,2,22.6,14.9,30.3,0.0,0.0,0.0,7.0,35.0,4.6,0.0
2,-75.66666666666667,45.31666666666667,OTTAWA INTL A,6106001,6106001201683,2016-08-03,ON,2016,8,3,22.8,14.0,31.6,0.0,0.0,0.0,20.0,33.0,4.8,0.0
3,-75.66666666666667,45.31666666666667,OTTAWA INTL A,6106001,6106001201684,2016-08-04,ON,2016,8,4,26.2,18.2,34.2,0.0,0.0,0.0,24.0,33.0,8.2,0.0
4,-75.66666666666667,45.31666666666667,OTTAWA INTL A,6106001,6106001201685,2016-08-05,ON,2016,8,5,25.8,18.5,33.1,0.0,0.0,0.0,18.0,50.0,7.8,0.0
5,-75.66666666666667,45.31666666666667,OTTAWA INTL A,6106001,6106001201686,2016-08-06,ON,2016,8,6,22.4,16.2,28.6,0.0,0.0,0.0,32.0,56.0,4.4,0.0
6,-75.66666666666667,45.31666666666667,OTTAWA INTL A,6106001,6106001201687,2016-08-07,ON,2016,8,7,20.7,13.6,27.8,0.0,0.0,0.0,31.0,52.0,2.7,0.0
7,-75.66666666666667,45.31666666666667,OTTAWA INTL A,6106001,6106001201688,2016-08-08,ON,2016,8,8,21.2,11.7,30.7,0.0,0.0,0.0,31.0,44.0,3.2,0.0
8,-75.66666666666667,45.31666666666667,OTTAWA INTL A,6106001,6106001201689,2016-08-09,ON,2016,8,9,23.1,13.4,32.7,0.0,0.0,0.0,19.0,35.0,5.1,0.0
9,-75.66666666666667,45.31666666666667,OTTAWA INTL A,6106001,61060012016810,2016-08-10,ON,2016,8,10,27.0,19.3,34.6,0.0,0.0,0.0,20.0,46.0,9.0,0.0
10,-75.66666666666667,45.31666666666667,OTTAWA INTL A,6106001,61060012016811,2016-08-11,ON,2016,8,11,26.7,19.0,34.4,0.0,0.0,0.0,30.0,32.0,8.7,0.0
11,-75.66666666666667,45.31666666666667,OTTAWA INTL A,6106001,61060012016812,2016-08-12,ON,2016,8,12,21.6,17.3,25.8,5.2,5.2,0.0,7.0,37.0,3.6,0.0
12,-75.66666666666667,45.31666666666667,OTTAWA INTL A,6106001,61060012016813,2016-08-13,ON,2016,8,13,18.0,16.0,19.9,39.2,39.2,0.0,7.0,48.0,0.0,0.0
13,-75.66666666666667,45.31666666666667,OTTAWA INTL A,6106001,61060012016814,2016-08-14,ON,2016,8,14,20.2,15.1,25.3,0.2,0.2,0.0,28.0,44.0,2.2,0.0
14,-75.66666666666667,45.31666666666667,OTTAWA INTL A,6106001,61060012016815,2016-08-15,ON,2016,8,15,21.2,14.4,27.9,0.0,0.0,0.0,0.0,0.0,3.2,0.0
15,-75.66666666666667,45.31666666666667,OTTAWA INTL A,6106001,61060012016816,2016-08-16,ON,2016,8,16,19.0,15.8,22.1,26.4,26.4,0.0,7.0,61.0,1.0,0.0
16,-75.66666666666667,45.31666666666667,OTTAWA INTL A,6106001,61060012016817,2016-08-17,ON,2016,8,17,22.4,16.1,28.7,0.6,0.6,0.0,34.0,33.0,4.4,0.0
17,-75.66666666666667,45.31666666666667,OTTAWA INTL A,6106001,61060012016818,2016-08-18,ON,2016,8,18,21.4,14.8,28.0,1.0,1.0,0.0,0.0,0.0,3.4,0.0
18,-75.66666666666667,45.31666666666667,OTTAWA INTL A,6106001,61060012016819,2016-08-19,ON,2016,8,19,20.9,12.2,29.5,0.0,0.0,0.0,0.0,0.0,2.9,0.0
19,-75.66666666666667,45.31666666666667,OTTAWA INTL A,6106001,61060012016820,2016-08-20,ON,2016,8,20,23.7,16.2,31.1,0.0,0.0,0.0,18.0,39.0,5.7,0.0
20,-75.66666666666667,45.31666666666667,OTTAWA INTL A,6106001,61060012016821,2016-08-21,ON,2016,8,21,19.0,13.8,24.1,18.2,18.2,0.0,29.0,50.0,1.0,0.0
21,-75.66666666666667,45.31666666666667,OTTAWA INTL A,6106001,61060012016822,2016-08-22,ON,2016,8,22,16.6,10.4,22.8,0.0,0.0,0.0,31.0,44.0,0.0,1.4
22,-75.66666666666667,45.31666666666667,OTTAWA INTL A,6106001,61060012016823,2016-08-23,ON,2016,8,23,18.8,9.8,27.7,0.0,0.0,0.0,24.0,46.0,0.8,0.0
23,-75.66666666666667,45.31666666666667,OTTAWA INTL A,6106001,61060012016824,2016-08-24,ON,2016,8,24,22.8,15.5,30.1,0.0,0.0,0.0,19.0,37.0,4.8,0.0
24,-75.66666666666667,45.31666666666667,OTTAWA INTL A,6106001,61060012016825,2016-08-25,ON,2016,8,25,25.1,20.2,29.9,0.6,0.6,0.0,25.0,35.0,7.1,0.0
25,-75.66666666666667,45.31666666666667,OTTAWA INTL A,6106001,61060012016826,2016-08-26,ON,2016,8,26,24.1,19.5,28.6,0.0,0.0,0.0,31.0,39.0,6.1,0.0
26,-75.66666666666667,45.31666666666667,OTTAWA INTL A,6106001,61060012016827,2016-08-27,ON,2016,8,27,21.7,16.3,27.1,0.0,0.0,0.0,0.0,0.0,3.7,0.0
27,-75.66666666666667,45.31666666666667,OTTAWA INTL A,6106001,61060012016828,2016-08-28,ON,2016,8,28,24.0,17.9,30.1,0.2,0.2,0.0,29.0,39.0,6.0,0.0
28,-75.66666666666667,45.31666666666667,OTTAWA INTL A,6106001,61060012016829,2016-08-29,ON,2016,8,29,18.8,12.5,25.1,0.0,0.0,0.0,31.0,39.0,0.8,0.0
29,-75.66666666666667,45.31666666666667,OTTAWA INTL A,6106001,61060012016830,2016-08-30,ON,2016,8,30,19.1,12.6,25.6,0.0,0.0,0.0,23.0,32.0,1.1,0.0
30,-75.66666666666667,45.31666666666667,OTTAWA INTL A,6106001,61060012016831,2016-08-31,ON,2016,8,31,20.7,14.1,27.2,0.0,0.0,0.0,32.0,37.0,2.7,0.0
31,-75.66666666666667,45.31666666666667,OTTAWA INTL A,6106001,6106001201691,2016-09-01,ON,2016,9,1,17.0,10.8,23.2,0.0,0.0,0.0,32.0,35.0,0.0,1.0
32,-75.66666666666667,45.31666666666667,OTTAWA INTL A,6106001,6106001201692,2016-09-02,ON,2016,9,2,14.4,8.4,20.3,0.0,0.0,0.0,31.0,39.0,0.0,3.6
33,-75.66666666666667,45.31666666666667,OTTAWA INTL A,6106001,6106001201693,2016-09-03,ON,2016,9,3,14.9,6.2,23.5,0.0,0.0,0.0,0.0,0.0,0.0,3.1
34,-75.66666666666667,45.31666666666667,OTTAWA INTL A,6106001,6106001201694,2016-09-04,ON,2016,9,4,17.3,8.7,25.8,0.0,0.0,0.0,0.0,0.0,0.0,0.7
35,-75.66666666666667,45.31666666666667,OTTAWA INTL A,6106001,6106001201695,2016-09-05,ON,2016,9,5,17.8,7.7,27.9,0.0,0.0,0.0,0.0,0.0,0.0,0.2
36,-75.66666666666667,45.31666666666667,OTTAWA INTL A,6106001,6106001201696,2016-09-06,ON,2016,9,6,20.2,10.5,29.8,0.0,0.0,0.0,0.0,0.0,2.2,0.0
37,-75.66666666666667,45.31666666666667,OTTAWA INTL A,6106001,6106001201697,2016-09-07,ON,2016,9,7,22.3,16.0,28.5,1.4,1.4,0.0,0.0,0.0,4.3,0.0
38,-75.66666666666667,45.31666666666667,OTTAWA INTL A,6106001,6106001201698,2016-09-08,ON,2016,9,8,23.9,20.4,27.4,2.2,2.2,0.0,0.0,0.0,5.9,0.0
39,-75.66666666666667,45.31666666666667,OTTAWA INTL A,6106001,6106001201699,2016-09-09,ON,2016,9,9,21.2,15.2,27.2,0.0,0.0,0.0,28.0,33.0,3.2,0.0
40,-75.66666666666667,45.31666666666667,OTTAWA INTL A,6106001,61060012016910,2016-09-10,ON,2016,9,10,19.6,13.3,25.9,3.6,3.6,0.0,20.0,54.0,1.6,0.0
41,-75.66666666666667,45.31666666666667,OTTAWA INTL A,6106001,61060012016911,2016-09-11,ON,2016,9,11,15.1,8.4,21.7,0.6,0.6,0.0,29.0,63.0,0.0,2.9
42,-75.66666666666667,45.31666666666667,OTTAWA INTL A,6106001,61060012016912,2016-09-12,ON,2016,9,12,15.8,7.1,24.5,0.0,0.0,0.0,22.0,35.0,0.0,2.2
43,-75.66666666666667,45.31666666666667,OTTAWA INTL A,6106001,61060012016913,2016-09-13,ON,2016,9,13,18.1,8.9,27.2,0.0,0.0,0.0,23.0,39.0,0.1,0.0
44,-75.66666666666667,45.31666666666667,OTTAWA INTL A,6106001,61060012016914,2016-09-14,ON,2016,9,14,13.7,7.5,19.8,0.2,0.2,0.0,29.0,46.0,0.0,4.3
45,-75.66666666666667,45.31666666666667,OTTAWA INTL A,6106001,61060012016915,2016-09-15,ON,2016,9,15,11.3,4.5,18.0,0.0,0.0,0.0,0.0,0.0,0.0,6.7
46,-75.66666666666667,45.31666666666667,OTTAWA INTL A,6106001,61060012016916,2016-09-16,ON,2016,9,16,13.6,4.7,22.5,0.0,0.0,0.0,0.0,0.0,0.0,4.4
47,-75.66666666666667,45.31666666666667,OTTAWA INTL A,6106001,61060012016917,2016-09-17,ON,2016,9,17,15.1,8.7,21.5,22.2,22.2,0.0,23.0,41.0,0.0,2.9
48,-75.66666666666667,45.31666666666667,OTTAWA INTL A,6106001,61060012016918,2016-09-18,ON,2016,9,18,21.6,16.7,26.4,0.0,0.0,0.0,22.0,35.0,3.6,0.0
49,-75.66666666666667,45.31666666666667,OTTAWA INTL A,6106001,61060012016919,2016-09-19,ON,2016,9,19,19.4,13.1,25.6,0.0,0.0,0.0,0.0,0.0,1.4,0.0
50,-75.66666666666667,45.31666666666667,OTTAWA INTL A,6106001,61060012016920,2016-09-20,ON,2016,9,20,19.2,11.6,26.7,0.0,0.0,0.0,25.0,41.0,1.2,0.0
51,-75.66666666666667,45.31666666666667,OTTAWA INTL A,6106001,61060012016921,2016-09-21,ON,2016,9,21,18.6,10.3,26.8,0.0,0.0,0.0,28.0,39.0,0.6,0.0
52,-75.66666666666667,45.31666666666667,OTTAWA INTL A,6106001,61060012016922,2016-09-22,ON,2016,9,22,18.8,12.4,25.1,6.0,6.0,0.0,6.0,35.0,0.8,0.0
53,-75.66666666666667,45.31666666666667,OTTAWA INTL A,6106001,61060012016923,2016-09-23,ON,2016,9,23,12.5,7.1,17.9,1.6,1.6,0.0,1.0,33.0,0.0,5.5
54,-75.66666666666667,45.31666666666667,OTTAWA INTL A,6106001,61060012016924,2016-09-24,ON,2016,9,24,11.2,4.6,17.7,0.0,0.0,0.0,31.0,41.0,0.0,6.8
55,-75.66666666666667,45.31666666666667,OTTAWA INTL A,6106001,61060012016925,2016-09-25,ON,2016,9,25,9.9,2.8,17.0,0.0,0.0,0.0,30.0,32.0,0.0,8.1
56,-75.66666666666667,45.31666666666667,OTTAWA INTL A,6106001,61060012016926,2016-09-26,ON,2016,9,26,9.7,2.6,16.8,1.0,1.0,0.0,10.0,35.0,0.0,8.3
57,-75.66666666666667,45.31666666666667,OTTAWA INTL A,6106001,61060012016927,2016-09-27,ON,2016,9,27,15.3,9.4,21.1,0.0,0.0,0.0,23.0,33.0,0.0,2.7
58,-75.66666666666667,45.31666666666667,OTTAWA INTL A,6106001,61060012016928,2016-09-28,ON,2016,9,28,14.7,10.0,19.4,0.0,0.0,0.0,6.0,44.0,0.0,3.3
59,-75.66666666666667,45.31666666666667,OTTAWA INTL A,6106001,61060012016929,2016-09-29,ON,2016,9,29,13.3,8.0,18.6,0.0,0.0,0.0,7.0,43.0,0.0,4.7
60,-75.66666666666667,45.31666666666667,OTTAWA INTL A,6106001,61060012016930,2016-09-30,ON,2016,9,30,14.3,10.1,18.4,0.0,0.0,0.0,6.0,33.0,0.0,3.7
61,-75.66666666666667,45.31666666666667,OTTAWA INTL A,6106001,61060012016101,2016-10-01,ON,2016,10,1,14.1,10.5,17.7,0.0,0.0,0.0,0.0,0.0,0.0,3.9
62,-75.66666666666667,45.31666666666667,OTTAWA INTL A,6106001,61060012016102,2016-10-02,ON,2016,10,2,13.8,11.7,15.8,2.6,2.6,0.0,0.0,0.0,0.0,4.2
63,-75.66666666666667,45.31666666666667,OTTAWA INTL A,6106001,61060012016103,2016-10-03,ON,2016,10,3,14.8,9.3,20.3,0.0,0.0,0.0,0.0,0.0,0.0,3.2
64,-75.66666666666667,45.31666666666667,OTTAWA INTL A,6106001,61060012016104,2016-10-04,ON,2016,10,4,13.4,6.8,20.0,0.0,0.0,0.0,0.0,0.0,0.0,4.6
65,-75.66666666666667,45.31666666666667,OTTAWA INTL A,6106001,61060012016105,2016-10-05,ON,2016,10,5,14.5,7.3,21.6,0.0,0.0,0.0,0.0,0.0,0.0,3.5
66,-75.66666666666667,45.31666666666667,OTTAWA INTL A,6106001,61060012016106,2016-10-06,ON,2016,10,6,14.3,6.2,22.4,0.0,0.0,0.0,0.0,0.0,0.0,3.7
67,-75.66666666666667,45.31666666666667,OTTAWA INTL A,6106001,61060012016107,2016-10-07,ON,2016,10,7,16.1,7.6,24.5,0.0,0.0,0.0,19.0,32.0,0.0,1.9
68,-75.66666666666667,45.31666666666667,OTTAWA INTL A,6106001,61060012016108,2016-10-08,ON,2016,10,8,12.1,7.3,16.9,13.0,13.0,0.0,29.0,46.0,0.0,5.9
69,-75.66666666666667,45.31666666666667,OTTAWA INTL A,6106001,61060012016109,2016-10-09,ON,2016,10,9,7.0,2.2,11.8,0.0,0.0,0.0,32.0,41.0,0.0,11.0
70,-75.66666666666667,45.31666666666667,OTTAWA INTL A,6106001,610600120161010,2016-10-10,ON,2016,10,10,5.8,0.0,11.6,0.0,0.0,0.0,34.0,37.0,0.0,12.2
71,-75.66666666666667,45.31666666666667,OTTAWA INTL A,6106001,610600120161011,2016-10-11,ON,2016,10,11,8.8,-0.9,18.5,0.0,0.0,0.0,0.0,0.0,0.0,9.2
72,-75.66666666666667,45.31666666666667,OTTAWA INTL A,6106001,610600120161012,2016-10-12,ON,2016,10,12,12.1,4.1,20.0,0.0,0.0,0.0,17.0,39.0,0.0,5.9
73,-75.66666666666667,45.31666666666667,OTTAWA INTL A,6106001,610600120161013,2016-10-13,ON,2016,10,13,8.2,2.5,13.8,1.0,1.0,0.0,29.0,54.0,0.0,9.8
74,-75.66666666666667,45.31666666666667,OTTAWA INTL A,6106001,610600120161014,2016-10-14,ON,2016,10,14,4.2,-4.2,12.5,0.0,0.0,0.0,0.0,0.0,0.0,13.8
75,-75.66666666666667,45.31666666666667,OTTAWA INTL A,6106001,610600120161015,2016-10-15,ON,2016,10,15,9.0,-0.1,18.1,0.0,0.0,0.0,18.0,35.0,0.0,9.0
76,-75.66666666666667,45.31666666666667,OTTAWA INTL A,6106001,610600120161016,2016-10-16,ON,2016,10,16,16.0,12.9,19.0,1.6,1.6,0.0,22.0,39.0,0.0,2.0
77,-75.66666666666667,45.31666666666667,OTTAWA INTL A,6106001,610600120161017,2016-10-17,ON,2016,10,17,11.6,7.5,15.6,12.8,12.8,0.0,7.0,35.0,0.0,6.4
78,-75.66666666666667,45.31666666666667,OTTAWA INTL A,6106001,610600120161018,2016-10-18,ON,2016,10,18,16.1,8.0,24.2,0.2,0.2,0.0,21.0,70.0,0.0,1.9
79,-75.66666666666667,45.31666666666667,OTTAWA INTL A,6106001,610600120161019,2016-10-19,ON,2016,10,19,11.9,6.9,16.9,0.0,0.0,0.0,29.0,41.0,0.0,6.1
80,-75.66666666666667,45.31666666666667,OTTAWA INTL A,6106001,610600120161020,2016-10-20,ON,2016,10,20,9.3,6.8,11.8,19.2,19.2,0.0,5.0,33.0,0.0,8.7
81,-75.66666666666667,45.31666666666667,OTTAWA INTL A,6106001,610600120161021,2016-10-21,ON,2016,10,21,7.4,5.1,9.7,26.0,26.0,0.0,35.0,44.0,0.0,10.6
82,-75.66666666666667,45.31666666666667,OTTAWA INTL A,6106001,610600120161022,2016-10-22,ON,2016,10,22,4.2,3.3,5.1,9.8,9.8,0.0,29.0,61.0,0.0,13.8
83,-75.66666666666667,45.31666666666667,OTTAWA INTL A,6106001,610600120161023,2016-10-23,ON,2016,10,23,6.3,1.5,11.1,0.0,0.0,0.0,26.0,65.0,0.0,11.7
84,-75.66666666666667,45.31666666666667,OTTAWA INTL A,6106001,610600120161024,2016-10-24,ON,2016,10,24,3.9,-0.1,7.8,0.0,0.0,0.0,29.0,54.0,0.0,14.1
85,-75.66666666666667,45.31666666666667,OTTAWA INTL A,6106001,610600120161025,2016-10-25,ON,2016,10,25,2.7,-1.5,6.8,0.0,0.0,0.0,28.0,48.0,0.0,15.3
86,-75.66666666666667,45.31666666666667,OTTAWA INTL A,6106001,610600120161026,2016-10-26,ON,2016,10,26,-0.2,-3.4,3.0,0.0,0.0,0.0,34.0,35.0,0.0,18.2
87,-75.66666666666667,45.31666666666667,OTTAWA INTL A,6106001,610600120161027,2016-10-27,ON,2016,10,27,-0.2,-3.0,2.6,10.2,0.0,5.8,8.0,43.0,0.0,18.2
88,-75.66666666666667,45.31666666666667,OTTAWA INTL A,6106001,610600120161028,2016-10-28,ON,2016,10,28,2.1,0.3,3.8,3.4,3.4,0.0,0.0,0.0,0.0,15.9
89,-75.66666666666667,45.31666666666667,OTTAWA INTL A,6106001,610600120161029,2016-10-29,ON,2016,10,29,4.7,0.8,8.6,7.2,7.2,0.0,32.0,33.0,0.0,13.3
90,-75.66666666666667,45.31666666666667,OTTAWA INTL A,6106001,610600120161030,2016-10-30,ON,2016,10,30,3.1,0.2,5.9,0.0,0.0,0.0,31.0,32.0,0.0,14.9
91,-75.66666666666667,45.31666666666667,OTTAWA INTL A,6106001,610600120161031,2016-10-31,ON,2016,10,31,-0.2,-4.1,3.8,0.0,0.0,0.0,33.0,33.0,0.0,18.2
92,-75.66666666666667,45.31666666666667,OTTAWA INTL A,6106001,61060012016111,2016-11-01,ON,2016,11,1,3.1,-3.9,10.0,0.0,0.0,0.0,10.0,32.0,0.0,14.9
93,-75.66666666666667,45.31666666666667,OTTAWA INTL A,6106001,61060012016112,2016-11-02,ON,2016,11,2,10.7,5.2,16.1,0.0,0.0,0.0,0.0,0.0,0.0,7.3
94,-75.66666666666667,45.31666666666667,OTTAWA INTL A,6106001,61060012016113,2016-11-03,ON,2016,11,3,7.8,4.6,11.0,7.8,7.8,0.0,33.0,41.0,0.0,10.2
95,-75.66666666666667,45.31666666666667,OTTAWA INTL A,6106001,61060012016114,2016-11-04,ON,2016,11,4,0.7,-3.5,4.8,0.0,0.0,0.0,33.0,43.0,0.0,17.3
96,-75.66666666666667,45.31666666666667,OTTAWA INTL A,6106001,61060012016115,2016-11-05,ON,2016,11,5,6.5,2.2,10.7,0.2,0.2,0.0,34.0,39.0,0.0,11.5
97,-75.66666666666667,45.31666666666667,OTTAWA INTL A,6106001,61060012016116,2016-11-06,ON,2016,11,6,4.0,-0.8,8.8,0.0,0.0,0.0,33.0,35.0,0.0,14.0
98,-75.66666666666667,45.31666666666667,OTTAWA INTL A,6106001,61060012016117,2016-11-07,ON,2016,11,7,4.6,-4.5,13.7,0.0,0.0,0.0,0.0,0.0,0.0,13.4
99,-75.66666666666667,45.31666666666667,OTTAWA INTL A,6106001,61060012016118,2016-11-08,ON,2016,11,8,9.1,1.5,16.6,0.0,0.0,0.0,0.0,0.0,0.0,8.9
100,-75.66666666666667,45.31666666666667,OTTAWA INTL A,6106001,61060012016119,2016-11-09,ON,2016,11,9,3.9,-2.7,10.5,0.0,0.0,0.0,33.0,46.0,0.0,14.1
101,-75.66666666666667,45.31666666666667,OTTAWA INTL A,6106001,610600120161110,2016-11-10,ON,2016,11,10,4.4,-3.7,12.4,0.0,0.0,0.0,22.0,54.0,0.0,13.6
102,-75.66666666666667,45.31666666666667,OTTAWA INTL A,6106001,610600120161111,2016-11-11,ON,2016,11,11,5.8,0.9,10.6,0.4,0.4,0.0,32.0,72.0,0.0,12.2
103,-75.66666666666667,45.31666666666667,OTTAWA INTL A,6106001,610600120161112,2016-11-12,ON,2016,11,12,1.0,-4.8,6.7,0.0,0.0,0.0,23.0,50.0,0.0,17.0
104,-75.66666666666667,45.31666666666667,OTTAWA INTL A,6106001,610600120161113,2016-11-13,ON,2016,11,13,7.6,3.0,12.2,0.0,0.0,0.0,21.0,41.0,0.0,10.4
105,-75.66666666666667,45.31666666666667,OTTAWA INTL A,6106001,610600120161114,2016-11-14,ON,2016,11,14,6.9,0.7,13.1,0.0,0.0,0.0,0.0,0.0,0.0,11.1
106,-75.66666666666667,45.31666666666667,OTTAWA INTL A,6106001,610600120161115,2016-11-15,ON,2016,11,15,6.1,0.2,11.9,1.0,1.0,0.0,0.0,0.0,0.0,11.9
107,-75.66666666666667,45.31666666666667,OTTAWA INTL A,6106001,610600120161116,2016-11-16,ON,2016,11,16,6.2,2.4,10.0,4.2,4.2,0.0,0.0,0.0,0.0,11.8
108,-75.66666666666667,45.31666666666667,OTTAWA INTL A,6106001,610600120161117,2016-11-17,ON,2016,11,17,4.9,-0.1,9.8,0.0,0.0,0.0,0.0,0.0,0.0,13.1
109,-75.66666666666667,45.31666666666667,OTTAWA INTL A,6106001,610600120161118,2016-11-18,ON,2016,11,18,4.9,-0.6,10.3,0.0,0.0,0.0,0.0,0.0,0.0,13.1
110,-75.66666666666667,45.31666666666667,OTTAWA INTL A,6106001,610600120161119,2016-11-19,ON,2016,11,19,5.9,3.0,8.8,0.4,0.4,0.0,22.0,37.0,0.0,12.1
111,-75.66666666666667,45.31666666666667,OTTAWA INTL A,6106001,610600120161120,2016-11-20,ON,2016,11,20,-0.2,-3.4,3.1,14.8,3.4,13.0,29.0,57.0,0.0,18.2
112,-75.66666666666667,45.31666666666667,OTTAWA INTL A,6106001,610600120161121,2016-11-21,ON,2016,11,21,-3.4,-4.4,-2.3,5.6,0.0,9.6,28.0,65.0,0.0,21.4
113,-75.66666666666667,45.31666666666667,OTTAWA INTL A,6106001,610600120161122,2016-11-22,ON,2016,11,22,-2.2,-3.8,-0.5,0.0,0.0,0.0,31.0,56.0,0.0,20.2
114,-75.66666666666667,45.31666666666667,OTTAWA INTL A,6106001,610600120161123,2016-11-23,ON,2016,11,23,-4.0,-6.6,-1.4,0.0,0.0,0.0,28.0,43.0,0.0,22.0
115,-75.66666666666667,45.31666666666667,OTTAWA INTL A,6106001,610600120161124,2016-11-24,ON,2016,11,24,-2.6,-4.2,-0.9,6.0,0.0,6.6,8.0,35.0,0.0,20.6
116,-75.66666666666667,45.31666666666667,OTTAWA INTL A,6106001,610600120161125,2016-11-25,ON,2016,11,25,-0.2,-0.9,0.5,0.4,0.0,0.4,0.0,0.0,0.0,18.2
117,-75.66666666666667,45.31666666666667,OTTAWA INTL A,6106001,610600120161126,2016-11-26,ON,2016,11,26,0.4,-0.9,1.7,0.0,0.0,0.0,0.0,0.0,0.0,17.6
118,-75.66666666666667,45.31666666666667,OTTAWA INTL A,6106001,610600120161127,2016-11-27,ON,2016,11,27,-2.2,-4.6,0.3,0.0,0.0,0.0,31.0,30.0,0.0,20.2
119,-75.66666666666667,45.31666666666667,OTTAWA INTL A,6106001,610600120161128,2016-11-28,ON,2016,11,28,-2.0,-4.0,0.0,0.0,0.0,0.0,6.0,43.0,0.0,20.0
120,-75.66666666666667,45.31666666666667,OTTAWA INTL A,6106001,610600120161129,2016-11-29,ON,2016,11,29,-0.6,-2.1,0.9,1.4,1.4,0.0,8.0,48.0,0.0,18.6
121,-75.66666666666667,45.31666666666667,OTTAWA INTL A,6106001,610600120161130,2016-11-30,ON,2016,11,30,3.4,0.6,6.2,12.0,12.0,0.0,6.0,43.0,0.0,14.6
122,-75.66666666666667,45.31666666666667,OTTAWA INTL A,6106001,61060012016121,2016-12-01,ON,2016,12,1,5.4,3.8,7.0,13.2,13.2,0.0,24.0,48.0,0.0,12.6
123,-75.66666666666667,45.31666666666667,OTTAWA INTL A,6106001,61060012016122,2016-12-02,ON,2016,12,2,2.7,0.9,4.5,0.0,0.0,0.0,28.0,44.0,0.0,15.3
124,-75.66666666666667,45.31666666666667,OTTAWA INTL A,6106001,61060012016123,2016-12-03,ON,2016,12,3,0.6,-1.7,2.8,0.0,0.0,0.0,29.0,41.0,0.0,17.4
125,-75.66666666666667,45.31666666666667,OTTAWA INTL A,6106001,61060012016124,2016-12-04,ON,2016,12,4,-3.1,-7.0,0.8,0.0,0.0,0.0,0.0,0.0,0.0,21.1
126,-75.66666666666667,45.31666666666667,OTTAWA INTL A,6106001,61060012016125,2016-12-05,ON,2016,12,5,-4.3,-6.3,-2.3,8.2,0.0,12.4,7.0,37.0,0.0,22.3
127,-75.66666666666667,45.31666666666667,OTTAWA INTL A,6106001,61060012016126,2016-12-06,ON,2016,12,6,-2.2,-6.2,1.8,0.2,0.0,0.4,9.0,43.0,0.0,20.2
128,-75.66666666666667,45.31666666666667,OTTAWA INTL A,6106001,61060012016127,2016-12-07,ON,2016,12,7,1.0,-2.3,4.2,1.2,0.0,1.8,24.0,52.0,0.0,17.0
129,-75.66666666666667,45.31666666666667,OTTAWA INTL A,6106001,61060012016128,2016-12-08,ON,2016,12,8,-1.8,-4.8,1.2,3.0,0.0,3.8,30.0,48.0,0.0,19.8
130,-75.66666666666667,45.31666666666667,OTTAWA INTL A,6106001,61060012016129,2016-12-09,ON,2016,12,9,-7.4,-10.5,-4.2,0.0,0.0,0.0,28.0,50.0,0.0,25.4
131,-75.66666666666667,45.31666666666667,OTTAWA INTL A,6106001,610600120161210,2016-12-10,ON,2016,12,10,-10.8,-15.5,-6.1,0.0,0.0,0.0,0.0,0.0,0.0,28.8
132,-75.66666666666667,45.31666666666667,OTTAWA INTL A,6106001,610600120161211,2016-12-11,ON,2016,12,11,-9.4,-13.5,-5.2,3.0,0.0,5.0,10.0,37.0,0.0,27.4
133,-75.66666666666667,45.31666666666667,OTTAWA INTL A,6106001,610600120161212,2016-12-12,ON,2016,12,12,-4.3,-5.8,-2.8,9.2,0.0,15.4,31.0,37.0,0.0,22.3
134,-75.66666666666667,45.31666666666667,OTTAWA INTL A,6106001,610600120161213,2016-12-13,ON,2016,12,13,-2.8,-6.7,1.1,0.0,0.0,0.0,21.0,46.0,0.0,20.8
135,-75.66666666666667,45.31666666666667,OTTAWA INTL A,6106001,610600120161214,2016-12-14,ON,2016,12,14,-7.5,-11.0,-4.0,0.8,0.0,2.4,22.0,56.0,0.0,25.5
136,-75.66666666666667,45.31666666666667,OTTAWA INTL A,6106001,610600120161215,2016-12-15,ON,2016,12,15,-15.7,-21.1,-10.2,0.2,0.0,0.4,29.0,67.0,0.0,33.7
137,-75.66666666666667,45.31666666666667,OTTAWA INTL A,6106001,610600120161216,2016-12-16,ON,2016,12,16,-22.2,-28.1,-16.3,0.2,0.0,0.4,30.0,32.0,0.0,40.2
138,-75.66666666666667,45.31666666666667,OTTAWA INTL A,6106001,610600120161217,2016-12-17,ON,2016,12,17,-13.1,-17.9,-8.3,7.0,0.0,14.0,9.0,32.0,0.0,31.1
139,-75.66666666666667,45.31666666666667,OTTAWA INTL A,6106001,610600120161218,2016-12-18,ON,2016,12,18,-13.7,-21.2,-6.1,6.0,0.8,4.0,28.0,52.0,0.0,31.7
140,-75.66666666666667,45.31666666666667,OTTAWA INTL A,6106001,610600120161219,2016-12-19,ON,2016,12,19,-20.8,-27.6,-13.9,1.0,0.0,1.4,0.0,0.0,0.0,38.8
141,-75.66666666666667,45.31666666666667,OTTAWA INTL A,6106001,610600120161220,2016-12-20,ON,2016,12,20,-10.3,-20.0,-0.5,0.0,0.0,0.0,17.0,46.0,0.0,28.3
142,-75.66666666666667,45.31666666666667,OTTAWA INTL A,6106001,610600120161221,2016-12-21,ON,2016,12,21,0.0,-3.3,3.3,0.0,0.0,0.0,22.0,44.0,0.0,18.0
143,-75.66666666666667,45.31666666666667,OTTAWA INTL A,6106001,610600120161222,2016-12-22,ON,2016,12,22,-0.8,-1.9,0.4,6.2,0.0,8.0,0.0,0.0,0.0,18.8
144,-75.66666666666667,45.31666666666667,OTTAWA INTL A,6106001,610600120161223,2016-12-23,ON,2016,12,23,-0.2,-1.8,1.4,0.0,0.0,0.0,23.0,39.0,0.0,18.2
145,-75.66666666666667,45.31666666666667,OTTAWA INTL A,6106001,610600120161224,2016-12-24,ON,2016,12,24,1.4,-0.8,3.6,1.8,0.0,3.0,28.0,37.0,0.0,16.6
146,-75.66666666666667,45.31666666666667,OTTAWA INTL A,6106001,610600120161225,2016-12-25,ON,2016,12,25,-5.1,-12.1,1.9,0.0,0.0,0.0,33.0,44.0,0.0,23.1
147,-75.66666666666667,45.31666666666667,OTTAWA INTL A,6106001,610600120161226,2016-12-26,ON,2016,12,26,-3.0,-11.9,5.9,16.4,14.8,1.2,10.0,52.0,0.0,21.0
148,-75.66666666666667,45.31666666666667,OTTAWA INTL A,6106001,610600120161227,2016-12-27,ON,2016,12,27,2.5,-1.0,5.9,1.6,0.8,1.0,23.0,63.0,0.0,15.5
149,-75.66666666666667,45.31666666666667,OTTAWA INTL A,6106001,610600120161228,2016-12-28,ON,2016,12,28,-5.1,-9.1,-1.0,0.0,0.0,0.0,28.0,33.0,0.0,23.1
150,-75.66666666666667,45.31666666666667,OTTAWA INTL A,6106001,610600120161229,2016-12-29,ON,2016,12,29,-5.2,-7.4,-3.0,6.6,0.0,9.6,7.0,41.0,0.0,23.2
151,-75.66666666666667,45.31666666666667,OTTAWA INTL A,6106001,610600120161230,2016-12-30,ON,2016,12,30,-8.3,-14.3,-2.2,0.0,0.0,0.4,29.0,56.0,0.0,26.3
152,-75.66666666666667,45.31666666666667,OTTAWA INTL A,6106001,610600120161231,2016-12-31,ON,2016,12,31,-11.9,-17.6,-6.1,9.6,0.0,15.6,9.0,41.0,0.0,29.9
153,-75.66666666666667,45.31666666666667,OTTAWA INTL A,6106001,6106001201711,2017-01-01,ON,2017,1,1,-4.2,-7.5,-0.9,0.2,0.0,0.4,28.0,46.0,0.0,22.2
154,-75.66666666666667,45.31666666666667,OTTAWA INTL A,6106001,6106001201712,2017-01-02,ON,2017,1,2,-5.7,-10.8,-0.6,0.0,0.0,0.0,7.0,33.0,0.0,23.7
155,-75.66666666666667,45.31666666666667,OTTAWA INTL A,6106001,6106001201713,2017-01-03,ON,2017,1,3,-1.6,-3.4,0.2,19.0,13.2,5.4,10.0,39.0,0.0,19.6
156,-75.66666666666667,45.31666666666667,OTTAWA INTL A,6106001,6106001201714,2017-01-04,ON,2017,1,4,-2.4,-7.6,2.8,5.4,0.0,5.4,23.0,63.0,0.0,20.4
157,-75.66666666666667,45.31666666666667,OTTAWA INTL A,6106001,6106001201715,2017-01-05,ON,2017,1,5,-10.2,-14.4,-6.0,0.2,0.0,0.4,23.0,57.0,0.0,28.2
158,-75.66666666666667,45.31666666666667,OTTAWA INTL A,6106001,6106001201716,2017-01-06,ON,2017,1,6,-13.9,-19.3,-8.4,0.0,0.0,0.0,0.0,0.0,0.0,31.9
159,-75.66666666666667,45.31666666666667,OTTAWA INTL A,6106001,6106001201717,2017-01-07,ON,2017,1,7,-16.8,-22.2,-11.3,0.0,0.0,0.0,0.0,0.0,0.0,34.8
160,-75.66666666666667,45.31666666666667,OTTAWA INTL A,6106001,6106001201718,2017-01-08,ON,2017,1,8,-16.8,-21.3,-12.2,0.0,0.0,0.0,31.0,41.0,0.0,34.8
161,-75.66666666666667,45.31666666666667,OTTAWA INTL A,6106001,6106001201719,2017-01-09,ON,2017,1,9,-15.7,-25.3,-6.0,0.0,0.0,0.0,18.0,39.0,0.0,33.7
162,-75.66666666666667,45.31666666666667,OTTAWA INTL A,6106001,61060012017110,2017-01-10,ON,2017,1,10,-3.1,-7.2,1.0,14.4,1.0,9.2,15.0,54.0,0.0,21.1
163,-75.66666666666667,45.31666666666667,OTTAWA INTL A,6106001,61060012017111,2017-01-11,ON,2017,1,11,3.6,1.0,6.2,1.4,1.4,0.0,24.0,76.0,0.0,14.4
164,-75.66666666666667,45.31666666666667,OTTAWA INTL A,6106001,61060012017112,2017-01-12,ON,2017,1,12,1.3,-3.6,6.2,2.6,2.6,0.0,27.0,52.0,0.0,16.7
165,-75.66666666666667,45.31666666666667,OTTAWA INTL A,6106001,61060012017113,2017-01-13,ON,2017,1,13,-9.0,-15.8,-2.2,0.2,0.0,0.4,30.0,57.0,0.0,27.0
166,-75.66666666666667,45.31666666666667,OTTAWA INTL A,6106001,61060012017114,2017-01-14,ON,2017,1,14,-13.8,-21.3,-6.3,0.0,0.0,0.0,0.0,0.0,0.0,31.8
167,-75.66666666666667,45.31666666666667,OTTAWA INTL A,6106001,61060012017115,2017-01-15,ON,2017,1,15,-9.4,-12.0,-6.7,0.0,0.0,0.0,0.0,0.0,0.0,27.4
168,-75.66666666666667,45.31666666666667,OTTAWA INTL A,6106001,61060012017116,2017-01-16,ON,2017,1,16,-4.9,-12.8,3.1,0.0,0.0,0.0,22.0,44.0,0.0,22.9
169,-75.66666666666667,45.31666666666667,OTTAWA INTL A,6106001,61060012017117,2017-01-17,ON,2017,1,17,-5.4,-10.2,-0.5,3.0,0.2,2.0,7.0,43.0,0.0,23.4
170,-75.66666666666667,45.31666666666667,OTTAWA INTL A,6106001,61060012017118,2017-01-18,ON,2017,1,18,-2.4,-4.8,0.0,2.4,0.6,1.4,0.0,0.0,0.0,20.4
171,-75.66666666666667,45.31666666666667,OTTAWA INTL A,6106001,61060012017119,2017-01-19,ON,2017,1,19,1.3,-0.1,2.6,0.0,0.0,0.0,0.0,0.0,0.0,16.7
172,-75.66666666666667,45.31666666666667,OTTAWA INTL A,6106001,61060012017120,2017-01-20,ON,2017,1,20,0.7,0.1,1.3,0.0,0.0,0.2,0.0,0.0,0.0,17.3
173,-75.66666666666667,45.31666666666667,OTTAWA INTL A,6106001,61060012017121,2017-01-21,ON,2017,1,21,1.2,-0.2,2.6,0.0,0.0,0.0,0.0,0.0,0.0,16.8
174,-75.66666666666667,45.31666666666667,OTTAWA INTL A,6106001,61060012017122,2017-01-22,ON,2017,1,22,0.3,-1.5,2.0,0.4,0.4,0.0,7.0,50.0,0.0,17.7
175,-75.66666666666667,45.31666666666667,OTTAWA INTL A,6106001,61060012017123,2017-01-23,ON,2017,1,23,-1.9,-3.2,-0.6,0.0,0.0,0.0,6.0,52.0,0.0,19.9
176,-75.66666666666667,45.31666666666667,OTTAWA INTL A,6106001,61060012017124,2017-01-24,ON,2017,1,24,-3.0,-3.7,-2.2,5.4,0.8,5.6,7.0,48.0,0.0,21.0
177,-75.66666666666667,45.31666666666667,OTTAWA INTL A,6106001,61060012017125,2017-01-25,ON,2017,1,25,-1.4,-3.6,0.8,0.2,0.0,0.4,26.0,33.0,0.0,19.4
178,-75.66666666666667,45.31666666666667,OTTAWA INTL A,6106001,61060012017126,2017-01-26,ON,2017,1,26,0.1,-0.4,0.6,0.6,0.0,1.0,26.0,50.0,0.0,17.9
179,-75.66666666666667,45.31666666666667,OTTAWA INTL A,6106001,61060012017127,2017-01-27,ON,2017,1,27,-1.3,-2.9,0.4,1.0,0.0,2.0,24.0,54.0,0.0,19.3
180,-75.66666666666667,45.31666666666667,OTTAWA INTL A,6106001,61060012017128,2017-01-28,ON,2017,1,28,-2.9,-5.9,0.2,1.2,0.0,2.0,27.0,43.0,0.0,20.9
181,-75.66666666666667,45.31666666666667,OTTAWA INTL A,6106001,61060012017129,2017-01-29,ON,2017,1,29,-6.7,-11.3,-2.0,1.6,0.0,2.8,29.0,33.0,0.0,24.7
182,-75.66666666666667,45.31666666666667,OTTAWA INTL A,6106001,61060012017130,2017-01-30,ON,2017,1,30,-15.4,-19.5,-11.2,0.0,0.0,0.0,0.0,0.0,0.0,33.4
183,-75.66666666666667,45.31666666666667,OTTAWA INTL A,6106001,61060012017131,2017-01-31,ON,2017,1,31,-15.1,-21.3,-8.8,0.0,0.0,0.0,0.0,0.0,0.0,33.1
184,-75.66666666666667,45.31666666666667,OTTAWA INTL A,6106001,6106001201721,2017-02-01,ON,2017,2,1,-9.3,-12.9,-5.6,0.6,0.0,1.0,0.0,0.0,0.0,27.3
185,-75.66666666666667,45.31666666666667,OTTAWA INTL A,6106001,6106001201722,2017-02-02,ON,2017,2,2,-11.3,-15.9,-6.7,1.8,0.0,2.6,29.0,39.0,0.0,29.3
186,-75.66666666666667,45.31666666666667,OTTAWA INTL A,6106001,6106001201723,2017-02-03,ON,2017,2,3,-9.1,-12.5,-5.7,0.0,0.0,0.0,27.0,35.0,0.0,27.1
187,-75.66666666666667,45.31666666666667,OTTAWA INTL A,6106001,6106001201724,2017-02-04,ON,2017,2,4,-9.0,-14.4,-3.5,0.0,0.0,0.0,23.0,48.0,0.0,27.0
188,-75.66666666666667,45.31666666666667,OTTAWA INTL A,6106001,6106001201725,2017-02-05,ON,2017,2,5,-5.8,-10.7,-0.8,2.2,0.0,5.2,30.0,61.0,0.0,23.8
189,-75.66666666666667,45.31666666666667,OTTAWA INTL A,6106001,6106001201726,2017-02-06,ON,2017,2,6,-12.4,-15.1,-9.7,1.8,0.0,3.6,30.0,39.0,0.0,30.4
190,-75.66666666666667,45.31666666666667,OTTAWA INTL A,6106001,6106001201727,2017-02-07,ON,2017,2,7,-7.9,-11.1,-4.7,12.2,1.0,6.8,7.0,54.0,0.0,25.9
191,-75.66666666666667,45.31666666666667,OTTAWA INTL A,6106001,6106001201728,2017-02-08,ON,2017,2,8,-5.2,-13.2,2.9,1.6,1.0,0.4,31.0,63.0,0.0,23.2
192,-75.66666666666667,45.31666666666667,OTTAWA INTL A,6106001,6106001201729,2017-02-09,ON,2017,2,9,-14.0,-16.8,-11.1,0.0,0.0,0.0,31.0,35.0,0.0,32.0
193,-75.66666666666667,45.31666666666667,OTTAWA INTL A,6106001,61060012017210,2017-02-10,ON,2017,2,10,-15.5,-17.8,-13.2,1.6,0.0,3.0,30.0,41.0,0.0,33.5
194,-75.66666666666667,45.31666666666667,OTTAWA INTL A,6106001,61060012017211,2017-02-11,ON,2017,2,11,-12.3,-14.5,-10.1,0.4,0.0,0.6,7.0,44.0,0.0,30.3
195,-75.66666666666667,45.31666666666667,OTTAWA INTL A,6106001,61060012017212,2017-02-12,ON,2017,2,12,-9.5,-12.3,-6.7,18.6,0.0,28.0,7.0,37.0,0.0,27.5
196,-75.66666666666667,45.31666666666667,OTTAWA INTL A,6106001,61060012017213,2017-02-13,ON,2017,2,13,-9.3,-14.3,-4.2,1.0,0.0,1.8,33.0,43.0,0.0,27.3
197,-75.66666666666667,45.31666666666667,OTTAWA INTL A,6106001,61060012017214,2017-02-14,ON,2017,2,14,-8.9,-14.2,-3.5,3.4,0.0,5.0,9.0,33.0,0.0,26.9
198,-75.66666666666667,45.31666666666667,OTTAWA INTL A,6106001,61060012017215,2017-02-15,ON,2017,2,15,-3.8,-6.0,-1.5,12.0,0.0,15.4,0.0,0.0,0.0,21.8
199,-75.66666666666667,45.31666666666667,OTTAWA INTL A,6106001,61060012017216,2017-02-16,ON,2017,2,16,-6.9,-9.2,-4.5,1.2,0.0,3.4,29.0,44.0,0.0,24.9
200,-75.66666666666667,45.31666666666667,OTTAWA INTL A,6106001,61060012017217,2017-02-17,ON,2017,2,17,-8.4,-13.8,-3.0,0.0,0.0,0.0,28.0,32.0,0.0,26.4
201,-75.66666666666667,45.31666666666667,OTTAWA INTL A,6106001,61060012017218,2017-02-18,ON,2017,2,18,0.1,-9.1,9.3,0.0,0.0,0.0,18.0,32.0,0.0,17.9
202,-75.66666666666667,45.31666666666667,OTTAWA INTL A,6106001,61060012017219,2017-02-19,ON,2017,2,19,2.0,-3.1,7.0,0.0,0.0,0.0,31.0,44.0,0.0,16.0
203,-75.66666666666667,45.31666666666667,OTTAWA INTL A,6106001,61060012017220,2017-02-20,ON,2017,2,20,-4.1,-9.3,1.1,0.0,0.0,0.0,0.0,0.0,0.0,22.1
204,-75.66666666666667,45.31666666666667,OTTAWA INTL A,6106001,61060012017221,2017-02-21,ON,2017,2,21,-4.7,-10.4,1.1,1.8,1.8,0.0,0.0,0.0,0.0,22.7
205,-75.66666666666667,45.31666666666667,OTTAWA INTL A,6106001,61060012017222,2017-02-22,ON,2017,2,22,2.2,-0.3,4.6,0.0,0.0,0.0,0.0,0.0,0.0,15.8
206,-75.66666666666667,45.31666666666667,OTTAWA INTL A,6106001,61060012017223,2017-02-23,ON,2017,2,23,6.8,1.8,11.7,0.4,0.4,0.0,30.0,44.0,0.0,11.2
207,-75.66666666666667,45.31666666666667,OTTAWA INTL A,6106001,61060012017224,2017-02-24,ON,2017,2,24,0.8,-0.8,2.4,2.8,2.8,0.0,10.0,44.0,0.0,17.2
208,-75.66666666666667,45.31666666666667,OTTAWA INTL A,6106001,61060012017225,2017-02-25,ON,2017,2,25,1.4,-1.1,3.8,17.0,17.0,0.0,25.0,56.0,0.0,16.6
209,-75.66666666666667,45.31666666666667,OTTAWA INTL A,6106001,61060012017226,2017-02-26,ON,2017,2,26,-3.7,-7.4,0.1,0.0,0.0,0.2,28.0,59.0,0.0,21.7
210,-75.66666666666667,45.31666666666667,OTTAWA INTL A,6106001,61060012017227,2017-02-27,ON,2017,2,27,0.4,-3.3,4.1,0.0,0.0,0.0,22.0,59.0,0.0,17.6
211,-75.66666666666667,45.31666666666667,OTTAWA INTL A,6106001,61060012017228,2017-02-28,ON,2017,2,28,-0.7,-6.2,4.8,0.8,0.8,0.0,0.0,0.0,0.0,18.7
212,-75.66666666666667,45.31666666666667,OTTAWA INTL A,6106001,6106001201731,2017-03-01,ON,2017,3,1,0.8,-2.6,4.2,22.8,22.8,0.0,28.0,43.0,0.0,17.2
213,-75.66666666666667,45.31666666666667,OTTAWA INTL A,6106001,6106001201732,2017-03-02,ON,2017,3,2,-7.8,-12.8,-2.7,0.4,0.0,2.4,29.0,67.0,0.0,25.8
214,-75.66666666666667,45.31666666666667,OTTAWA INTL A,6106001,6106001201733,2017-03-03,ON,2017,3,3,-13.5,-17.0,-9.9,0.2,0.0,1.0,28.0,50.0,0.0,31.5
215,-75.66666666666667,45.31666666666667,OTTAWA INTL A,6106001,6106001201734,2017-03-04,ON,2017,3,4,-17.2,-20.4,-13.9,0.0,0.0,0.0,33.0,48.0,0.0,35.2
216,-75.66666666666667,45.31666666666667,OTTAWA INTL A,6106001,6106001201735,2017-03-05,ON,2017,3,5,-14.0,-20.5,-7.5,0.0,0.0,0.0,0.0,0.0,0.0,32.0
217,-75.66666666666667,45.31666666666667,OTTAWA INTL A,6106001,6106001201736,2017-03-06,ON,2017,3,6,-6.9,-11.6,-2.1,1.4,1.4,0.0,9.0,39.0,0.0,24.9
218,-75.66666666666667,45.31666666666667,OTTAWA INTL A,6106001,6106001201737,2017-03-07,ON,2017,3,7,2.4,-2.6,7.3,7.4,7.4,0.0,27.0,44.0,0.0,15.6
219,-75.66666666666667,45.31666666666667,OTTAWA INTL A,6106001,6106001201738,2017-03-08,ON,2017,3,8,3.4,-1.4,8.1,1.8,1.8,0.0,23.0,67.0,0.0,14.6
220,-75.66666666666667,45.31666666666667,OTTAWA INTL A,6106001,6106001201739,2017-03-09,ON,2017,3,9,-2.8,-4.9,-0.6,0.0,0.0,0.0,28.0,69.0,0.0,20.8
221,-75.66666666666667,45.31666666666667,OTTAWA INTL A,6106001,61060012017310,2017-03-10,ON,2017,3,10,-11.0,-18.4,-3.6,0.0,0.0,0.2,31.0,59.0,0.0,29.0
222,-75.66666666666667,45.31666666666667,OTTAWA INTL A,6106001,61060012017311,2017-03-11,ON,2017,3,11,-17.0,-19.6,-14.3,0.0,0.0,0.0,27.0,59.0,0.0,35.0
223,-75.66666666666667,45.31666666666667,OTTAWA INTL A,6106001,61060012017312,2017-03-12,ON,2017,3,12,-14.5,-18.1,-10.9,0.0,0.0,0.0,27.0,43.0,0.0,32.5
224,-75.66666666666667,45.31666666666667,OTTAWA INTL A,6106001,61060012017313,2017-03-13,ON,2017,3,13,-13.6,-17.4,-9.7,0.0,0.0,0.0,0.0,0.0,0.0,31.6
225,-75.66666666666667,45.31666666666667,OTTAWA INTL A,6106001,61060012017314,2017-03-14,ON,2017,3,14,-10.0,-11.4,-8.6,7.8,0.0,9.8,35.0,61.0,0.0,28.0
226,-75.66666666666667,45.31666666666667,OTTAWA INTL A,6106001,61060012017315,2017-03-15,ON,2017,3,15,-8.2,-10.5,-5.9,7.0,0.0,12.2,31.0,54.0,0.0,26.2
227,-75.66666666666667,45.31666666666667,OTTAWA INTL A,6106001,61060012017316,2017-03-16,ON,2017,3,16,-7.0,-12.1,-1.9,0.0,0.0,0.0,30.0,50.0,0.0,25.0
228,-75.66666666666667,45.31666666666667,OTTAWA INTL A,6106001,61060012017317,2017-03-17,ON,2017,3,17,-6.8,-12.6,-0.9,0.0,0.0,0.0,0.0,0.0,0.0,24.8
229,-75.66666666666667,45.31666666666667,OTTAWA INTL A,6106001,61060012017318,2017-03-18,ON,2017,3,18,-7.6,-15.3,0.2,0.0,0.0,0.0,6.0,39.0,0.0,25.6
230,-75.66666666666667,45.31666666666667,OTTAWA INTL A,6106001,61060012017319,2017-03-19,ON,2017,3,19,-2.9,-10.0,4.3,0.0,0.0,0.0,0.0,0.0,0.0,20.9
231,-75.66666666666667,45.31666666666667,OTTAWA INTL A,6106001,61060012017320,2017-03-20,ON,2017,3,20,-2.0,-8.4,4.5,0.0,0.0,0.0,0.0,0.0,0.0,20.0
232,-75.66666666666667,45.31666666666667,OTTAWA INTL A,6106001,61060012017321,2017-03-21,ON,2017,3,21,-1.3,-8.1,5.6,2.0,1.8,0.2,32.0,72.0,0.0,19.3
233,-75.66666666666667,45.31666666666667,OTTAWA INTL A,6106001,61060012017322,2017-03-22,ON,2017,3,22,-10.7,-14.7,-6.6,0.0,0.0,0.0,33.0,74.0,0.0,28.7
234,-75.66666666666667,45.31666666666667,OTTAWA INTL A,6106001,61060012017323,2017-03-23,ON,2017,3,23,-5.9,-13.5,1.8,0.0,0.0,0.0,28.0,35.0,0.0,23.9
235,-75.66666666666667,45.31666666666667,OTTAWA INTL A,6106001,61060012017324,2017-03-24,ON,2017,3,24,-2.1,-4.3,0.2,16.8,2.2,21.6,0.0,0.0,0.0,20.1
236,-75.66666666666667,45.31666666666667,OTTAWA INTL A,6106001,61060012017325,2017-03-25,ON,2017,3,25,-1.7,-6.4,3.1,0.0,0.0,0.0,0.0,0.0,0.0,19.7
237,-75.66666666666667,45.31666666666667,OTTAWA INTL A,6106001,61060012017326,2017-03-26,ON,2017,3,26,-3.8,-6.9,-0.7,0.8,0.8,0.0,9.0,43.0,0.0,21.8
238,-75.66666666666667,45.31666666666667,OTTAWA INTL A,6106001,61060012017327,2017-03-27,ON,2017,3,27,0.8,-0.8,2.4,9.0,9.0,0.0,0.0,0.0,0.0,17.2
239,-75.66666666666667,45.31666666666667,OTTAWA INTL A,6106001,61060012017328,2017-03-28,ON,2017,3,28,3.2,0.7,5.6,3.2,3.2,0.0,32.0,32.0,0.0,14.8
240,-75.66666666666667,45.31666666666667,OTTAWA INTL A,6106001,61060012017329,2017-03-29,ON,2017,3,29,2.3,-1.3,5.8,0.0,0.0,0.0,35.0,44.0,0.0,15.7
241,-75.66666666666667,45.31666666666667,OTTAWA INTL A,6106001,61060012017330,2017-03-30,ON,2017,3,30,0.7,-3.2,4.5,0.0,0.0,0.0,7.0,32.0,0.0,17.3
242,-75.66666666666667,45.31666666666667,OTTAWA INTL A,6106001,61060012017331,2017-03-31,ON,2017,3,31,1.0,-0.1,2.1,6.2,0.0,10.0,7.0,48.0,0.0,17.0
243,-75.66666666666667,45.31666666666667,OTTAWA INTL A,6106001,6106001201741,2017-04-01,ON,2017,4,1,2.1,-0.7,4.8,0.2,0.0,0.4,6.0,33.0,0.0,15.9
244,-75.66666666666667,45.31666666666667,OTTAWA INTL A,6106001,6106001201742,2017-04-02,ON,2017,4,2,3.2,-3.4,9.8,0.0,0.0,0.0,31.0,33.0,0.0,14.8
245,-75.66666666666667,45.31666666666667,OTTAWA INTL A,6106001,6106001201743,2017-04-03,ON,2017,4,3,3.3,-2.2,8.8,0.4,0.4,0.0,6.0,44.0,0.0,14.7
246,-75.66666666666667,45.31666666666667,OTTAWA INTL A,6106001,6106001201744,2017-04-04,ON,2017,4,4,2.9,0.4,5.3,26.4,26.4,0.0,6.0,41.0,0.0,15.1
247,-75.66666666666667,45.31666666666667,OTTAWA INTL A,6106001,6106001201745,2017-04-05,ON,2017,4,5,5.6,2.2,8.9,1.4,1.4,0.0,29.0,39.0,0.0,12.4
248,-75.66666666666667,45.31666666666667,OTTAWA INTL A,6106001,6106001201746,2017-04-06,ON,2017,4,6,2.8,2.0,3.5,36.0,36.0,0.0,5.0,52.0,0.0,15.2
249,-75.66666666666667,45.31666666666667,OTTAWA INTL A,6106001,6106001201747,2017-04-07,ON,2017,4,7,1.5,-0.2,3.1,2.0,2.0,0.0,32.0,65.0,0.0,16.5
250,-75.66666666666667,45.31666666666667,OTTAWA INTL A,6106001,6106001201748,2017-04-08,ON,2017,4,8,4.7,-0.6,9.9,0.0,0.0,0.0,29.0,52.0,0.0,13.3
251,-75.66666666666667,45.31666666666667,OTTAWA INTL A,6106001,6106001201749,2017-04-09,ON,2017,4,9,8.1,-1.0,17.1,0.0,0.0,0.0,20.0,43.0,0.0,9.9
252,-75.66666666666667,45.31666666666667,OTTAWA INTL A,6106001,61060012017410,2017-04-10,ON,2017,4,10,17.0,9.5,24.5,1.2,1.2,0.0,22.0,83.0,0.0,1.0
253,-75.66666666666667,45.31666666666667,OTTAWA INTL A,6106001,61060012017411,2017-04-11,ON,2017,4,11,7.7,4.4,11.0,3.8,3.8,0.0,33.0,33.0,0.0,10.3
254,-75.66666666666667,45.31666666666667,OTTAWA INTL A,6106001,61060012017412,2017-04-12,ON,2017,4,12,6.5,3.6,9.3,0.2,0.2,0.0,28.0,43.0,0.0,11.5
255,-75.66666666666667,45.31666666666667,OTTAWA INTL A,6106001,61060012017413,2017-04-13,ON,2017,4,13,7.2,0.9,13.4,0.0,0.0,0.0,28.0,37.0,0.0,10.8
256,-75.66666666666667,45.31666666666667,OTTAWA INTL A,6106001,61060012017414,2017-04-14,ON,2017,4,14,7.4,-1.0,15.7,0.0,0.0,0.0,0.0,0.0,0.0,10.6
257,-75.66666666666667,45.31666666666667,OTTAWA INTL A,6106001,61060012017415,2017-04-15,ON,2017,4,15,8.9,0.0,17.8,20.0,20.0,0.0,21.0,43.0,0.0,9.1
258,-75.66666666666667,45.31666666666667,OTTAWA INTL A,6106001,61060012017416,2017-04-16,ON,2017,4,16,11.4,6.9,15.8,8.2,8.2,0.0,34.0,54.0,0.0,6.6
259,-75.66666666666667,45.31666666666667,OTTAWA INTL A,6106001,61060012017417,2017-04-17,ON,2017,4,17,2.9,-1.9,7.6,0.0,0.0,0.0,28.0,46.0,0.0,15.1
260,-75.66666666666667,45.31666666666667,OTTAWA INTL A,6106001,61060012017418,2017-04-18,ON,2017,4,18,3.5,-4.0,10.9,0.0,0.0,0.0,10.0,32.0,0.0,14.5
261,-75.66666666666667,45.31666666666667,OTTAWA INTL A,6106001,61060012017419,2017-04-19,ON,2017,4,19,6.3,2.6,9.9,9.6,9.6,0.0,33.0,48.0,0.0,11.7
262,-75.66666666666667,45.31666666666667,OTTAWA INTL A,6106001,61060012017420,2017-04-20,ON,2017,4,20,7.2,3.5,10.9,1.2,1.2,0.0,9.0,48.0,0.0,10.8
263,-75.66666666666667,45.31666666666667,OTTAWA INTL A,6106001,61060012017421,2017-04-21,ON,2017,4,21,10.8,5.9,15.7,10.4,10.4,0.0,10.0,48.0,0.0,7.2
264,-75.66666666666667,45.31666666666667,OTTAWA INTL A,6106001,61060012017422,2017-04-22,ON,2017,4,22,6.1,0.1,12.0,0.2,0.2,0.0,28.0,37.0,0.0,11.9
265,-75.66666666666667,45.31666666666667,OTTAWA INTL A,6106001,61060012017423,2017-04-23,ON,2017,4,23,8.8,-1.9,19.4,0.0,0.0,0.0,21.0,50.0,0.0,9.2
266,-75.66666666666667,45.31666666666667,OTTAWA INTL A,6106001,61060012017424,2017-04-24,ON,2017,4,24,5.6,0.2,10.9,0.0,0.0,0.0,35.0,32.0,0.0,12.4
267,-75.66666666666667,45.31666666666667,OTTAWA INTL A,6106001,61060012017425,2017-04-25,ON,2017,4,25,8.8,2.8,14.8,3.0,3.0,0.0,6.0,46.0,0.0,9.2
268,-75.66666666666667,45.31666666666667,OTTAWA INTL A,6106001,61060012017426,2017-04-26,ON,2017,4,26,13.4,8.6,18.1,0.2,0.2,0.0,6.0,32.0,0.0,4.6
269,-75.66666666666667,45.31666666666667,OTTAWA INTL A,6106001,61060012017427,2017-04-27,ON,2017,4,27,19.2,11.8,26.6,11.6,11.6,0.0,23.0,50.0,1.2,0.0
270,-75.66666666666667,45.31666666666667,OTTAWA INTL A,6106001,61060012017428,2017-04-28,ON,2017,4,28,15.7,11.9,19.4,0.8,0.8,0.0,23.0,44.0,0.0,2.3
271,-75.66666666666667,45.31666666666667,OTTAWA INTL A,6106001,61060012017429,2017-04-29,ON,2017,4,29,10.0,3.2,16.8,0.0,0.0,0.0,31.0,59.0,0.0,8.0
272,-75.66666666666667,45.31666666666667,OTTAWA INTL A,6106001,61060012017430,2017-04-30,ON,2017,4,30,3.2,2.6,3.8,11.0,11.0,0.0,9.0,39.0,0.0,14.8
273,-75.66666666666667,45.31666666666667,OTTAWA INTL A,6106001,6106001201751,2017-05-01,ON,2017,5,1,7.1,3.8,10.4,45.4,45.4,0.0,8.0,54.0,0.0,10.9
274,-75.66666666666667,45.31666666666667,OTTAWA INTL A,6106001,6106001201752,2017-05-02,ON,2017,5,2,11.2,6.8,15.5,0.8,0.8,0.0,22.0,50.0,0.0,6.8
275,-75.66666666666667,45.31666666666667,OTTAWA INTL A,6106001,6106001201753,2017-05-03,ON,2017,5,3,8.5,3.1,13.9,0.2,0.2,0.0,27.0,50.0,0.0,9.5
276,-75.66666666666667,45.31666666666667,OTTAWA INTL A,6106001,6106001201754,2017-05-04,ON,2017,5,4,8.1,0.4,15.7,3.2,3.2,0.0,15.0,41.0,0.0,9.9
277,-75.66666666666667,45.31666666666667,OTTAWA INTL A,6106001,6106001201755,2017-05-05,ON,2017,5,5,7.7,7.0,8.4,40.4,40.4,0.0,6.0,41.0,0.0,10.3
278,-75.66666666666667,45.31666666666667,OTTAWA INTL A,6106001,6106001201756,2017-05-06,ON,2017,5,6,10.1,5.3,14.9,20.0,20.0,0.0,6.0,43.0,0.0,7.9
279,-75.66666666666667,45.31666666666667,OTTAWA INTL A,6106001,6106001201757,2017-05-07,ON,2017,5,7,3.5,0.3,6.6,2.6,2.4,0.2,29.0,41.0,0.0,14.5
280,-75.66666666666667,45.31666666666667,OTTAWA INTL A,6106001,6106001201758,2017-05-08,ON,2017,5,8,1.7,-1.8,5.2,0.6,0.0,0.6,28.0,46.0,0.0,16.3
281,-75.66666666666667,45.31666666666667,OTTAWA INTL A,6106001,6106001201759,2017-05-09,ON,2017,5,9,2.2,-1.8,6.2,0.0,0.0,0.0,0.0,0.0,0.0,15.8
282,-75.66666666666667,45.31666666666667,OTTAWA INTL A,6106001,61060012017510,2017-05-10,ON,2017,5,10,7.3,0.2,14.4,0.0,0.0,0.0,0.0,0.0,0.0,10.7
283,-75.66666666666667,45.31666666666667,OTTAWA INTL A,6106001,61060012017511,2017-05-11,ON,2017,5,11,8.0,4.2,11.8,0.0,0.0,0.0,7.0,32.0,0.0,10.0
284,-75.66666666666667,45.31666666666667,OTTAWA INTL A,6106001,61060012017512,2017-05-12,ON,2017,5,12,13.3,7.0,19.6,0.0,0.0,0.0,12.0,37.0,0.0,4.7
285,-75.66666666666667,45.31666666666667,OTTAWA INTL A,6106001,61060012017513,2017-05-13,ON,2017,5,13,10.7,7.5,13.9,1.2,1.2,0.0,20.0,33.0,0.0,7.3
286,-75.66666666666667,45.31666666666667,OTTAWA INTL A,6106001,61060012017514,2017-05-14,ON,2017,5,14,11.2,8.0,14.4,3.2,3.2,0.0,32.0,39.0,0.0,6.8
287,-75.66666666666667,45.31666666666667,OTTAWA INTL A,6106001,61060012017515,2017-05-15,ON,2017,5,15,14.1,8.0,20.2,0.0,0.0,0.0,32.0,54.0,0.0,3.9
288,-75.66666666666667,45.31666666666667,OTTAWA INTL A,6106001,61060012017516,2017-05-16,ON,2017,5,16,13.9,6.7,21.0,0.0,0.0,0.0,27.0,37.0,0.0,4.1
289,-75.66666666666667,45.31666666666667,OTTAWA INTL A,6106001,61060012017517,2017-05-17,ON,2017,5,17,21.2,11.5,30.9,0.0,0.0,0.0,22.0,57.0,3.2,0.0
290,-75.66666666666667,45.31666666666667,OTTAWA INTL A,6106001,61060012017518,2017-05-18,ON,2017,5,18,23.9,17.4,30.3,0.2,0.2,0.0,21.0,69.0,5.9,0.0
291,-75.66666666666667,45.31666666666667,OTTAWA INTL A,6106001,61060012017519,2017-05-19,ON,2017,5,19,12.6,7.5,17.7,0.0,0.0,0.0,29.0,50.0,0.0,5.4
292,-75.66666666666667,45.31666666666667,OTTAWA INTL A,6106001,61060012017520,2017-05-20,ON,2017,5,20,11.1,3.6,18.5,0.0,0.0,0.0,3.0,41.0,0.0,6.9
293,-75.66666666666667,45.31666666666667,OTTAWA INTL A,6106001,61060012017521,2017-05-21,ON,2017,5,21,12.7,8.1,17.2,6.2,6.2,0.0,9.0,44.0,0.0,5.3
294,-75.66666666666667,45.31666666666667,OTTAWA INTL A,6106001,61060012017522,2017-05-22,ON,2017,5,22,13.1,8.2,17.9,4.8,4.8,0.0,26.0,44.0,0.0,4.9
295,-75.66666666666667,45.31666666666667,OTTAWA INTL A,6106001,61060012017523,2017-05-23,ON,2017,5,23,14.5,6.5,22.4,0.0,0.0,0.0,22.0,43.0,0.0,3.5
296,-75.66666666666667,45.31666666666667,OTTAWA INTL A,6106001,61060012017524,2017-05-24,ON,2017,5,24,16.5,9.4,23.6,0.6,0.6,0.0,0.0,0.0,0.0,1.5
297,-75.66666666666667,45.31666666666667,OTTAWA INTL A,6106001,61060012017525,2017-05-25,ON,2017,5,25,15.3,12.1,18.5,11.0,11.0,0.0,9.0,52.0,0.0,2.7
298,-75.66666666666667,45.31666666666667,OTTAWA INTL A,6106001,61060012017526,2017-05-26,ON,2017,5,26,13.8,11.6,15.9,3.0,3.0,0.0,7.0,33.0,0.0,4.2
299,-75.66666666666667,45.31666666666667,OTTAWA INTL A,6106001,61060012017527,2017-05-27,ON,2017,5,27,16.2,9.0,23.3,0.0,0.0,0.0,24.0,35.0,0.0,1.8
300,-75.66666666666667,45.31666666666667,OTTAWA INTL A,6106001,61060012017528,2017-05-28,ON,2017,5,28,17.9,10.5,25.3,0.0,0.0,0.0,15.0,33.0,0.0,0.1
301,-75.66666666666667,45.31666666666667,OTTAWA INTL A,6106001,61060012017529,2017-05-29,ON,2017,5,29,15.3,11.9,18.7,29.2,29.2,0.0,15.0,43.0,0.0,2.7
302,-75.66666666666667,45.31666666666667,OTTAWA INTL A,6106001,61060012017530,2017-05-30,ON,2017,5,30,17.0,11.1,22.8,3.8,3.8,0.0,17.0,50.0,0.0,1.0
303,-75.66666666666667,45.31666666666667,OTTAWA INTL A,6106001,61060012017531,2017-05-31,ON,2017,5,31,17.0,11.6,22.4,1.2,1.2,0.0,23.0,57.0,0.0,1.0
304,-75.66666666666667,45.31666666666667,OTTAWA INTL A,6106001,6106001201761,2017-06-01,ON,2017,6,1,11.8,7.2,16.4,0.6,0.6,0.0,23.0,48.0,0.0,6.2
305,-75.66666666666667,45.31666666666667,OTTAWA INTL A,6106001,6106001201762,2017-06-02,ON,2017,6,2,11.2,6.3,16.1,0.2,0.2,0.0,29.0,46.0,0.0,6.8
306,-75.66666666666667,45.31666666666667,OTTAWA INTL A,6106001,6106001201763,2017-06-03,ON,2017,6,3,12.9,5.3,20.4,0.0,0.0,0.0,29.0,37.0,0.0,5.1
307,-75.66666666666667,45.31666666666667,OTTAWA INTL A,6106001,6106001201764,2017-06-04,ON,2017,6,4,12.8,7.8,17.7,1.0,1.0,0.0,0.0,0.0,0.0,5.2
308,-75.66666666666667,45.31666666666667,OTTAWA INTL A,6106001,6106001201765,2017-06-05,ON,2017,6,5,13.8,12.2,15.4,8.6,8.6,0.0,6.0,41.0,0.0,4.2
309,-75.66666666666667,45.31666666666667,OTTAWA INTL A,6106001,6106001201766,2017-06-06,ON,2017,6,6,10.1,6.5,13.7,18.6,18.6,0.0,6.0,52.0,0.0,7.9
310,-75.66666666666667,45.31666666666667,OTTAWA INTL A,6106001,6106001201767,2017-06-07,ON,2017,6,7,15.3,4.8,25.8,0.0,0.0,0.0,0.0,0.0,0.0,2.7
311,-75.66666666666667,45.31666666666667,OTTAWA INTL A,6106001,6106001201768,2017-06-08,ON,2017,6,8,19.8,11.4,28.2,0.0,0.0,0.0,0.0,0.0,1.8,0.0
312,-75.66666666666667,45.31666666666667,OTTAWA INTL A,6106001,6106001201769,2017-06-09,ON,2017,6,9,18.4,12.5,24.3,0.0,0.0,0.0,30.0,44.0,0.4,0.0
313,-75.66666666666667,45.31666666666667,OTTAWA INTL A,6106001,61060012017610,2017-06-10,ON,2017,6,10,19.0,11.3,26.6,0.0,0.0,0.0,20.0,41.0,1.0,0.0
314,-75.66666666666667,45.31666666666667,OTTAWA INTL A,6106001,61060012017611,2017-06-11,ON,2017,6,11,26.2,19.7,32.7,0.0,0.0,0.0,23.0,57.0,8.2,0.0
315,-75.66666666666667,45.31666666666667,OTTAWA INTL A,6106001,61060012017612,2017-06-12,ON,2017,6,12,27.0,21.4,32.5,0.0,0.0,0.0,21.0,46.0,9.0,0.0
316,-75.66666666666667,45.31666666666667,OTTAWA INTL A,6106001,61060012017613,2017-06-13,ON,2017,6,13,20.1,15.7,24.5,0.0,0.0,0.0,32.0,41.0,2.1,0.0
317,-75.66666666666667,45.31666666666667,OTTAWA INTL A,6106001,61060012017614,2017-06-14,ON,2017,6,14,16.8,10.8,22.7,0.0,0.0,0.0,0.0,0.0,0.0,1.2
318,-75.66666666666667,45.31666666666667,OTTAWA INTL A,6106001,61060012017615,2017-06-15,ON,2017,6,15,16.5,9.8,23.1,14.0,14.0,0.0,9.0,44.0,0.0,1.5
319,-75.66666666666667,45.31666666666667,OTTAWA INTL A,6106001,61060012017616,2017-06-16,ON,2017,6,16,18.0,13.4,22.6,4.2,4.2,0.0,0.0,0.0,0.0,0.0
320,-75.66666666666667,45.31666666666667,OTTAWA INTL A,6106001,61060012017617,2017-06-17,ON,2017,6,17,20.7,15.8,25.6,0.0,0.0,0.0,0.0,0.0,2.7,0.0
321,-75.66666666666667,45.31666666666667,OTTAWA INTL A,6106001,61060012017618,2017-06-18,ON,2017,6,18,25.2,19.4,31.0,0.8,0.8,0.0,20.0,65.0,7.2,0.0
322,-75.66666666666667,45.31666666666667,OTTAWA INTL A,6106001,61060012017619,2017-06-19,ON,2017,6,19,22.0,17.5,26.4,0.0,0.0,0.0,23.0,41.0,4.0,0.0
323,-75.66666666666667,45.31666666666667,OTTAWA INTL A,6106001,61060012017620,2017-06-20,ON,2017,6,20,20.4,15.0,25.8,3.8,3.8,0.0,28.0,65.0,2.4,0.0
324,-75.66666666666667,45.31666666666667,OTTAWA INTL A,6106001,61060012017621,2017-06-21,ON,2017,6,21,18.4,13.1,23.6,3.0,3.0,0.0,31.0,44.0,0.4,0.0
325,-75.66666666666667,45.31666666666667,OTTAWA INTL A,6106001,61060012017622,2017-06-22,ON,2017,6,22,18.2,11.5,24.9,3.4,3.4,0.0,20.0,32.0,0.2,0.0
326,-75.66666666666667,45.31666666666667,OTTAWA INTL A,6106001,61060012017623,2017-06-23,ON,2017,6,23,20.1,15.8,24.4,9.4,9.4,0.0,23.0,35.0,2.1,0.0
327,-75.66666666666667,45.31666666666667,OTTAWA INTL A,6106001,61060012017624,2017-06-24,ON,2017,6,24,20.2,13.4,27.0,1.8,1.8,0.0,32.0,44.0,2.2,0.0
328,-75.66666666666667,45.31666666666667,OTTAWA INTL A,6106001,61060012017625,2017-06-25,ON,2017,6,25,16.0,10.7,21.3,12.8,12.8,0.0,26.0,65.0,0.0,2.0
329,-75.66666666666667,45.31666666666667,OTTAWA INTL A,6106001,61060012017626,2017-06-26,ON,2017,6,26,17.1,12.2,22.0,0.2,0.2,0.0,0.0,0.0,0.0,0.9
330,-75.66666666666667,45.31666666666667,OTTAWA INTL A,6106001,61060012017627,2017-06-27,ON,2017,6,27,14.3,9.8,18.8,7.2,7.2,0.0,19.0,50.0,0.0,3.7
331,-75.66666666666667,45.31666666666667,OTTAWA INTL A,6106001,61060012017628,2017-06-28,ON,2017,6,28,16.5,9.1,23.9,3.8,3.8,0.0,36.0,37.0,0.0,1.5
332,-75.66666666666667,45.31666666666667,OTTAWA INTL A,6106001,61060012017629,2017-06-29,ON,2017,6,29,14.8,12.7,16.8,32.4,32.4,0.0,0.0,0.0,0.0,3.2
333,-75.66666666666667,45.31666666666667,OTTAWA INTL A,6106001,61060012017630,2017-06-30,ON,2017,6,30,19.3,15.3,23.2,4.2,4.2,0.0,0.0,0.0,1.3,0.0
334,-75.66666666666667,45.31666666666667,OTTAWA INTL A,6106001,6106001201771,2017-07-01,ON,2017,7,1,20.9,17.3,24.5,42.0,42.0,0.0,28.0,57.0,2.9,0.0
335,-75.66666666666667,45.31666666666667,OTTAWA INTL A,6106001,6106001201772,2017-07-02,ON,2017,7,2,19.3,14.6,24.0,12.6,12.6,0.0,31.0,44.0,1.3,0.0
336,-75.66666666666667,45.31666666666667,OTTAWA INTL A,6106001,6106001201773,2017-07-03,ON,2017,7,3,19.1,13.1,25.0,0.0,0.0,0.0,29.0,41.0,1.1,0.0
337,-75.66666666666667,45.31666666666667,OTTAWA INTL A,6106001,6106001201774,2017-07-04,ON,2017,7,4,18.3,9.5,27.0,0.0,0.0,0.0,28.0,35.0,0.3,0.0
338,-75.66666666666667,45.31666666666667,OTTAWA INTL A,6106001,6106001201775,2017-07-05,ON,2017,7,5,19.4,10.8,27.9,0.0,0.0,0.0,0.0,0.0,1.4,0.0
339,-75.66666666666667,45.31666666666667,OTTAWA INTL A,6106001,6106001201776,2017-07-06,ON,2017,7,6,21.5,14.2,28.8,0.0,0.0,0.0,20.0,39.0,3.5,0.0
340,-75.66666666666667,45.31666666666667,OTTAWA INTL A,6106001,6106001201777,2017-07-07,ON,2017,7,7,22.2,17.4,26.9,10.8,10.8,0.0,29.0,56.0,4.2,0.0
341,-75.66666666666667,45.31666666666667,OTTAWA INTL A,6106001,6106001201778,2017-07-08,ON,2017,7,8,18.0,12.8,23.2,21.6,21.6,0.0,28.0,48.0,0.0,0.0
342,-75.66666666666667,45.31666666666667,OTTAWA INTL A,6106001,6106001201779,2017-07-09,ON,2017,7,9,18.4,11.6,25.1,11.4,11.4,0.0,21.0,33.0,0.4,0.0
343,-75.66666666666667,45.31666666666667,OTTAWA INTL A,6106001,61060012017710,2017-07-10,ON,2017,7,10,20.4,16.4,24.4,6.2,6.2,0.0,21.0,35.0,2.4,0.0
344,-75.66666666666667,45.31666666666667,OTTAWA INTL A,6106001,61060012017711,2017-07-11,ON,2017,7,11,22.3,16.7,27.9,4.4,4.4,0.0,22.0,35.0,4.3,0.0
345,-75.66666666666667,45.31666666666667,OTTAWA INTL A,6106001,61060012017712,2017-07-12,ON,2017,7,12,18.0,14.2,21.8,0.6,0.6,0.0,4.0,32.0,0.0,0.0
346,-75.66666666666667,45.31666666666667,OTTAWA INTL A,6106001,61060012017713,2017-07-13,ON,2017,7,13,17.9,11.9,23.8,11.6,11.6,0.0,6.0,37.0,0.0,0.1
347,-75.66666666666667,45.31666666666667,OTTAWA INTL A,6106001,61060012017714,2017-07-14,ON,2017,7,14,17.8,14.7,20.8,42.6,42.6,0.0,7.0,39.0,0.0,0.2
348,-75.66666666666667,45.31666666666667,OTTAWA INTL A,6106001,61060012017715,2017-07-15,ON,2017,7,15,22.7,17.3,28.1,0.6,0.6,0.0,26.0,35.0,4.7,0.0
349,-75.66666666666667,45.31666666666667,OTTAWA INTL A,6106001,61060012017716,2017-07-16,ON,2017,7,16,21.2,15.9,26.5,0.0,0.0,0.0,29.0,32.0,3.2,0.0
350,-75.66666666666667,45.31666666666667,OTTAWA INTL A,6106001,61060012017717,2017-07-17,ON,2017,7,17,21.8,16.9,26.6,1.6,1.6,0.0,0.0,0.0,3.8,0.0
351,-75.66666666666667,45.31666666666667,OTTAWA INTL A,6106001,61060012017718,2017-07-18,ON,2017,7,18,22.7,15.8,29.5,0.0,0.0,0.0,16.0,32.0,4.7,0.0
352,-75.66666666666667,45.31666666666667,OTTAWA INTL A,6106001,61060012017719,2017-07-19,ON,2017,7,19,22.6,16.9,28.2,0.0,0.0,0.0,0.0,0.0,4.6,0.0
353,-75.66666666666667,45.31666666666667,OTTAWA INTL A,6106001,61060012017720,2017-07-20,ON,2017,7,20,23.0,17.6,28.4,0.0,0.0,0.0,24.0,35.0,5.0,0.0
354,-75.66666666666667,45.31666666666667,OTTAWA INTL A,6106001,61060012017721,2017-07-21,ON,2017,7,21,22.2,15.8,28.6,0.0,0.0,0.0,29.0,39.0,4.2,0.0
355,-75.66666666666667,45.31666666666667,OTTAWA INTL A,6106001,61060012017722,2017-07-22,ON,2017,7,22,20.8,15.2,26.3,0.0,0.0,0.0,0.0,0.0,2.8,0.0
356,-75.66666666666667,45.31666666666667,OTTAWA INTL A,6106001,61060012017723,2017-07-23,ON,2017,7,23,18.5,15.8,21.1,0.6,0.6,0.0,9.0,32.0,0.5,0.0
357,-75.66666666666667,45.31666666666667,OTTAWA INTL A,6106001,61060012017724,2017-07-24,ON,2017,7,24,15.4,13.2,17.5,79.0,79.0,0.0,6.0,52.0,0.0,2.6
358,-75.66666666666667,45.31666666666667,OTTAWA INTL A,6106001,61060012017725,2017-07-25,ON,2017,7,25,17.6,11.9,23.2,2.0,2.0,0.0,5.0,41.0,0.0,0.4
359,-75.66666666666667,45.31666666666667,OTTAWA INTL A,6106001,61060012017726,2017-07-26,ON,2017,7,26,16.5,10.9,22.1,0.4,0.4,0.0,0.0,0.0,0.0,1.5
360,-75.66666666666667,45.31666666666667,OTTAWA INTL A,6106001,61060012017727,2017-07-27,ON,2017,7,27,21.2,16.4,25.9,1.8,1.8,0.0,34.0,48.0,3.2,0.0
361,-75.66666666666667,45.31666666666667,OTTAWA INTL A,6106001,61060012017728,2017-07-28,ON,2017,7,28,18.1,12.5,23.7,0.0,0.0,0.0,34.0,41.0,0.1,0.0
362,-75.66666666666667,45.31666666666667,OTTAWA INTL A,6106001,61060012017729,2017-07-29,ON,2017,7,29,18.2,10.9,25.4,0.0,0.0,0.0,33.0,43.0,0.2,0.0
363,-75.66666666666667,45.31666666666667,OTTAWA INTL A,6106001,61060012017730,2017-07-30,ON,2017,7,30,20.0,11.0,28.9,0.0,0.0,0.0,1.0,33.0,2.0,0.0
364,-75.66666666666667,45.31666666666667,OTTAWA INTL A,6106001,61060012017731,2017-07-31,ON,2017,7,31,21.0,13.9,28.0,0.0,0.0,0.0,33.0,32.0,3.0,0.0
365,-75.66666666666667,45.31666666666667,OTTAWA INTL A,6106001,6106001201781,2017-08-01,ON,2017,8,1,21.5,14.0,28.9,0.0,0.0,0.0,0.0,0.0,3.5,0.0
366,-75.66666666666667,45.31666666666667,OTTAWA INTL A,6106001,6106001201782,2017-08-02,ON,2017,8,2,23.7,17.0,30.4,0.0,0.0,0.0,31.0,46.0,5.7,0.0
367,-75.66666666666667,45.31666666666667,OTTAWA INTL A,6106001,6106001201783,2017-08-03,ON,2017,8,3,21.4,16.3,26.5,0.0,0.0,0.0,0.0,0.0,3.4,0.0
368,-75.66666666666667,45.31666666666667,OTTAWA INTL A,6106001,6106001201784,2017-08-04,ON,2017,8,4,23.1,17.4,28.8,4.6,4.6,0.0,19.0,39.0,5.1,0.0
369,-75.66666666666667,45.31666666666667,OTTAWA INTL A,6106001,6106001201785,2017-08-05,ON,2017,8,5,18.7,13.8,23.5,1.8,1.8,0.0,23.0,52.0,0.7,0.0
370,-75.66666666666667,45.31666666666667,OTTAWA INTL A,6106001,6106001201786,2017-08-06,ON,2017,8,6,16.3,10.6,22.0,0.0,0.0,0.0,29.0,54.0,0.0,1.7
371,-75.66666666666667,45.31666666666667,OTTAWA INTL A,6106001,6106001201787,2017-08-07,ON,2017,8,7,16.1,10.2,21.9,0.0,0.0,0.0,0.0,0.0,0.0,1.9
372,-75.66666666666667,45.31666666666667,OTTAWA INTL A,6106001,6106001201788,2017-08-08,ON,2017,8,8,18.6,12.3,24.8,0.0,0.0,0.0,30.0,39.0,0.6,0.0
373,-75.66666666666667,45.31666666666667,OTTAWA INTL A,6106001,6106001201789,2017-08-09,ON,2017,8,9,19.1,13.8,24.3,0.0,0.0,0.0,32.0,39.0,1.1,0.0
374,-75.66666666666667,45.31666666666667,OTTAWA INTL A,6106001,61060012017810,2017-08-10,ON,2017,8,10,19.5,13.1,25.8,1.4,1.4,0.0,18.0,41.0,1.5,0.0
375,-75.66666666666667,45.31666666666667,OTTAWA INTL A,6106001,61060012017811,2017-08-11,ON,2017,8,11,21.0,14.3,27.6,1.0,1.0,0.0,18.0,37.0,3.0,0.0
376,-75.66666666666667,45.31666666666667,OTTAWA INTL A,6106001,61060012017812,2017-08-12,ON,2017,8,12,21.8,16.2,27.3,14.6,14.6,0.0,32.0,57.0,3.8,0.0
377,-75.66666666666667,45.31666666666667,OTTAWA INTL A,6106001,61060012017813,2017-08-13,ON,2017,8,13,20.7,15.2,26.1,0.0,0.0,0.0,26.0,35.0,2.7,0.0
378,-75.66666666666667,45.31666666666667,OTTAWA INTL A,6106001,61060012017814,2017-08-14,ON,2017,8,14,20.4,14.0,26.7,0.8,0.8,0.0,23.0,33.0,2.4,0.0
379,-75.66666666666667,45.31666666666667,OTTAWA INTL A,6106001,61060012017815,2017-08-15,ON,2017,8,15,20.6,15.9,25.2,0.4,0.4,0.0,22.0,32.0,2.6,0.0
380,-75.66666666666667,45.31666666666667,OTTAWA INTL A,6106001,61060012017816,2017-08-16,ON,2017,8,16,17.6,11.6,23.6,0.0,0.0,0.0,35.0,37.0,0.0,0.4
381,-75.66666666666667,45.31666666666667,OTTAWA INTL A,6106001,61060012017817,2017-08-17,ON,2017,8,17,18.2,10.4,26.0,1.8,1.8,0.0,10.0,35.0,0.2,0.0
382,-75.66666666666667,45.31666666666667,OTTAWA INTL A,6106001,61060012017818,2017-08-18,ON,2017,8,18,20.7,16.1,25.2,18.0,18.0,0.0,7.0,33.0,2.7,0.0
383,-75.66666666666667,45.31666666666667,OTTAWA INTL A,6106001,61060012017819,2017-08-19,ON,2017,8,19,20.3,16.6,23.9,0.8,0.8,0.0,24.0,37.0,2.3,0.0
384,-75.66666666666667,45.31666666666667,OTTAWA INTL A,6106001,61060012017820,2017-08-20,ON,2017,8,20,20.2,13.6,26.7,0.0,0.0,0.0,27.0,32.0,2.2,0.0
385,-75.66666666666667,45.31666666666667,OTTAWA INTL A,6106001,61060012017821,2017-08-21,ON,2017,8,21,22.2,16.2,28.2,0.0,0.0,0.0,20.0,37.0,4.2,0.0
386,-75.66666666666667,45.31666666666667,OTTAWA INTL A,6106001,61060012017822,2017-08-22,ON,2017,8,22,21.0,16.4,25.6,30.2,30.2,0.0,26.0,63.0,3.0,0.0
387,-75.66666666666667,45.31666666666667,OTTAWA INTL A,6106001,61060012017823,2017-08-23,ON,2017,8,23,17.4,12.0,22.7,0.0,0.0,0.0,25.0,43.0,0.0,0.6
388,-75.66666666666667,45.31666666666667,OTTAWA INTL A,6106001,61060012017824,2017-08-24,ON,2017,8,24,15.4,10.3,20.5,0.0,0.0,0.0,29.0,39.0,0.0,2.6
389,-75.66666666666667,45.31666666666667,OTTAWA INTL A,6106001,61060012017825,2017-08-25,ON,2017,8,25,14.3,8.2,20.3,0.0,0.0,0.0,30.0,37.0,0.0,3.7
390,-75.66666666666667,45.31666666666667,OTTAWA INTL A,6106001,61060012017826,2017-08-26,ON,2017,8,26,14.5,7.0,21.9,0.0,0.0,0.0,0.0,0.0,0.0,3.5
391,-75.66666666666667,45.31666666666667,OTTAWA INTL A,6106001,61060012017827,2017-08-27,ON,2017,8,27,15.7,8.3,23.0,0.0,0.0,0.0,0.0,0.0,0.0,2.3
392,-75.66666666666667,45.31666666666667,OTTAWA INTL A,6106001,61060012017828,2017-08-28,ON,2017,8,28,16.8,9.2,24.3,0.0,0.0,0.0,10.0,35.0,0.0,1.2
393,-75.66666666666667,45.31666666666667,OTTAWA INTL A,6106001,61060012017829,2017-08-29,ON,2017,8,29,18.3,11.7,24.8,0.0,0.0,0.0,0.0,0.0,0.3,0.0
394,-75.66666666666667,45.31666666666667,OTTAWA INTL A,6106001,61060012017830,2017-08-30,ON,2017,8,30,16.7,9.1,24.3,0.2,0.2,0.0,36.0,46.0,0.0,1.3
395,-75.66666666666667,45.31666666666667,OTTAWA INTL A,6106001,61060012017831,2017-08-31,ON,2017,8,31,10.3,5.3,15.3,0.0,0.0,0.0,33.0,50.0,0.0,7.7
396,-75.66666666666667,45.31666666666667,OTTAWA INTL A,6106001,6106001201791,2017-09-01,ON,2017,9,1,10.9,4.7,17.1,0.0,0.0,0.0,32.0,48.0,0.0,7.1
397,-75.66666666666667,45.31666666666667,OTTAWA INTL A,6106001,6106001201792,2017-09-02,ON,2017,9,2,11.3,2.2,20.3,0.0,0.0,0.0,9.0,37.0,0.0,6.7
398,-75.66666666666667,45.31666666666667,OTTAWA INTL A,6106001,6106001201793,2017-09-03,ON,2017,9,3,12.1,10.2,13.9,8.4,8.4,0.0,9.0,32.0,0.0,5.9
399,-75.66666666666667,45.31666666666667,OTTAWA INTL A,6106001,6106001201794,2017-09-04,ON,2017,9,4,16.7,10.3,23.1,11.2,11.2,0.0,18.0,46.0,0.0,1.3
400,-75.66666666666667,45.31666666666667,OTTAWA INTL A,6106001,6106001201795,2017-09-05,ON,2017,9,5,16.9,12.9,20.8,0.6,0.6,0.0,30.0,37.0,0.0,1.1
401,-75.66666666666667,45.31666666666667,OTTAWA INTL A,6106001,6106001201796,2017-09-06,ON,2017,9,6,15.5,11.5,19.4,0.0,0.0,0.0,0.0,0.0,0.0,2.5
402,-75.66666666666667,45.31666666666667,OTTAWA INTL A,6106001,6106001201797,2017-09-07,ON,2017,9,7,14.9,9.2,20.6,21.8,21.8,0.0,28.0,56.0,0.0,3.1
403,-75.66666666666667,45.31666666666667,OTTAWA INTL A,6106001,6106001201798,2017-09-08,ON,2017,9,8,12.6,8.5,16.7,2.2,2.2,0.0,31.0,46.0,0.0,5.4
404,-75.66666666666667,45.31666666666667,OTTAWA INTL A,6106001,6106001201799,2017-09-09,ON,2017,9,9,13.2,7.1,19.2,0.0,0.0,0.0,31.0,37.0,0.0,4.8
405,-75.66666666666667,45.31666666666667,OTTAWA INTL A,6106001,61060012017910,2017-09-10,ON,2017,9,10,13.4,6.4,20.4,0.0,0.0,0.0,0.0,0.0,0.0,4.6
406,-75.66666666666667,45.31666666666667,OTTAWA INTL A,6106001,61060012017911,2017-09-11,ON,2017,9,11,14.9,6.8,23.0,0.0,0.0,0.0,0.0,0.0,0.0,3.1
407,-75.66666666666667,45.31666666666667,OTTAWA INTL A,6106001,61060012017912,2017-09-12,ON,2017,9,12,17.3,9.1,25.5,0.0,0.0,0.0,24.0,32.0,0.0,0.7
408,-75.66666666666667,45.31666666666667,OTTAWA INTL A,6106001,61060012017913,2017-09-13,ON,2017,9,13,18.5,10.2,26.7,0.0,0.0,0.0,0.0,0.0,0.5,0.0
409,-75.66666666666667,45.31666666666667,OTTAWA INTL A,6106001,61060012017914,2017-09-14,ON,2017,9,14,19.3,11.1,27.4,0.0,0.0,0.0,0.0,0.0,1.3,0.0
410,-75.66666666666667,45.31666666666667,OTTAWA INTL A,6106001,61060012017915,2017-09-15,ON,2017,9,15,20.2,13.1,27.2,0.0,0.0,0.0,0.0,0.0,2.2,0.0
411,-75.66666666666667,45.31666666666667,OTTAWA INTL A,6106001,61060012017916,2017-09-16,ON,2017,9,16,20.6,14.1,27.1,0.0,0.0,0.0,29.0,32.0,2.6,0.0
412,-75.66666666666667,45.31666666666667,OTTAWA INTL A,6106001,61060012017917,2017-09-17,ON,2017,9,17,21.6,14.7,28.5,0.0,0.0,0.0,0.0,0.0,3.6,0.0
413,-75.66666666666667,45.31666666666667,OTTAWA INTL A,6106001,61060012017918,2017-09-18,ON,2017,9,18,20.6,13.1,28.0,0.0,0.0,0.0,0.0,0.0,2.6,0.0
414,-75.66666666666667,45.31666666666667,OTTAWA INTL A,6106001,61060012017919,2017-09-19,ON,2017,9,19,21.3,14.6,28.0,0.0,0.0,0.0,0.0,0.0,3.3,0.0
415,-75.66666666666667,45.31666666666667,OTTAWA INTL A,6106001,61060012017920,2017-09-20,ON,2017,9,20,22.3,17.2,27.4,0.0,0.0,0.0,0.0,0.0,4.3,0.0
416,-75.66666666666667,45.31666666666667,OTTAWA INTL A,6106001,61060012017921,2017-09-21,ON,2017,9,21,20.0,13.7,26.3,0.0,0.0,0.0,0.0,0.0,2.0,0.0
417,-75.66666666666667,45.31666666666667,OTTAWA INTL A,6106001,61060012017922,2017-09-22,ON,2017,9,22,19.8,12.4,27.1,0.0,0.0,0.0,0.0,0.0,1.8,0.0
418,-75.66666666666667,45.31666666666667,OTTAWA INTL A,6106001,61060012017923,2017-09-23,ON,2017,9,23,21.3,13.3,29.3,0.0,0.0,0.0,0.0,0.0,3.3,0.0
419,-75.66666666666667,45.31666666666667,OTTAWA INTL A,6106001,61060012017924,2017-09-24,ON,2017,9,24,25.1,18.3,31.8,0.0,0.0,0.0,0.0,0.0,7.1,0.0
420,-75.66666666666667,45.31666666666667,OTTAWA INTL A,6106001,61060012017925,2017-09-25,ON,2017,9,25,24.5,16.0,33.0,0.0,0.0,0.0,0.0,0.0,6.5,0.0
421,-75.66666666666667,45.31666666666667,OTTAWA INTL A,6106001,61060012017926,2017-09-26,ON,2017,9,26,24.0,17.5,30.5,0.0,0.0,0.0,0.0,0.0,6.0,0.0
422,-75.66666666666667,45.31666666666667,OTTAWA INTL A,6106001,61060012017927,2017-09-27,ON,2017,9,27,22.9,15.1,30.7,5.6,5.6,0.0,30.0,57.0,4.9,0.0
423,-75.66666666666667,45.31666666666667,OTTAWA INTL A,6106001,61060012017928,2017-09-28,ON,2017,9,28,11.4,6.5,16.3,0.0,0.0,0.0,34.0,41.0,0.0,6.6
424,-75.66666666666667,45.31666666666667,OTTAWA INTL A,6106001,61060012017929,2017-09-29,ON,2017,9,29,10.0,3.8,16.1,1.0,1.0,0.0,1.0,33.0,0.0,8.0
425,-75.66666666666667,45.31666666666667,OTTAWA INTL A,6106001,61060012017930,2017-09-30,ON,2017,9,30,9.1,3.5,14.7,0.0,0.0,0.0,0.0,32.0,0.0,8.9
426,-75.66666666666667,45.31666666666667,OTTAWA INTL A,6106001,61060012017101,2017-10-01,ON,2017,10,1,10.0,1.8,18.1,0.0,0.0,0.0,0.0,0.0,0.0,8.0
427,-75.66666666666667,45.31666666666667,OTTAWA INTL A,6106001,61060012017102,2017-10-02,ON,2017,10,2,11.4,2.5,20.2,0.0,0.0,0.0,0.0,0.0,0.0,6.6
428,-75.66666666666667,45.31666666666667,OTTAWA INTL A,6106001,61060012017103,2017-10-03,ON,2017,10,3,14.0,4.7,23.3,0.0,0.0,0.0,19.0,37.0,0.0,4.0
429,-75.66666666666667,45.31666666666667,OTTAWA INTL A,6106001,61060012017104,2017-10-04,ON,2017,10,4,17.8,12.5,23.1,9.4,9.4,0.0,21.0,43.0,0.0,0.2
430,-75.66666666666667,45.31666666666667,OTTAWA INTL A,6106001,61060012017105,2017-10-05,ON,2017,10,5,14.3,8.7,19.8,0.0,0.0,0.0,26.0,43.0,0.0,3.7
431,-75.66666666666667,45.31666666666667,OTTAWA INTL A,6106001,61060012017106,2017-10-06,ON,2017,10,6,13.9,8.3,19.4,0.0,0.0,0.0,0.0,0.0,0.0,4.1
432,-75.66666666666667,45.31666666666667,OTTAWA INTL A,6106001,61060012017107,2017-10-07,ON,2017,10,7,14.3,7.2,21.4,3.2,3.2,0.0,19.0,32.0,0.0,3.7
433,-75.66666666666667,45.31666666666667,OTTAWA INTL A,6106001,61060012017108,2017-10-08,ON,2017,10,8,18.4,13.3,23.4,4.8,4.8,0.0,23.0,63.0,0.4,0.0
434,-75.66666666666667,45.31666666666667,OTTAWA INTL A,6106001,61060012017109,2017-10-09,ON,2017,10,9,14.6,11.9,17.3,6.8,6.8,0.0,10.0,33.0,0.0,3.4
435,-75.66666666666667,45.31666666666667,OTTAWA INTL A,6106001,610600120171010,2017-10-10,ON,2017,10,10,15.1,10.4,19.8,0.0,0.0,0.0,30.0,39.0,0.0,2.9
436,-75.66666666666667,45.31666666666667,OTTAWA INTL A,6106001,610600120171011,2017-10-11,ON,2017,10,11,7.3,4.3,10.3,0.0,0.0,0.0,0.0,0.0,0.0,10.7
437,-75.66666666666667,45.31666666666667,OTTAWA INTL A,6106001,610600120171012,2017-10-12,ON,2017,10,12,8.4,1.1,15.7,0.0,0.0,0.0,7.0,41.0,0.0,9.6
438,-75.66666666666667,45.31666666666667,OTTAWA INTL A,6106001,610600120171013,2017-10-13,ON,2017,10,13,9.6,3.4,15.8,1.0,1.0,0.0,17.0,35.0,0.0,8.4
440,-75.66666666666667,45.31666666666667,OTTAWA INTL A,6106001,610600120171015,2017-10-15,ON,2017,10,15,13.8,5.9,21.6,16.4,16.4,0.0,27.0,96.0,0.0,4.2
441,-75.66666666666667,45.31666666666667,OTTAWA INTL A,6106001,610600120171016,2017-10-16,ON,2017,10,16,2.5,-2.6,7.5,0.2,0.2,0.0,31.0,39.0,0.0,15.5
442,-75.66666666666667,45.31666666666667,OTTAWA INTL A,6106001,610600120171017,2017-10-17,ON,2017,10,17,7.5,-0.9,15.9,0.0,0.0,0.0,22.0,50.0,0.0,10.5
443,-75.66666666666667,45.31666666666667,OTTAWA INTL A,6106001,610600120171018,2017-10-18,ON,2017,10,18,13.0,5.5,20.5,0.0,0.0,0.0,22.0,33.0,0.0,5.0
444,-75.66666666666667,45.31666666666667,OTTAWA INTL A,6106001,610600120171019,2017-10-19,ON,2017,10,19,14.8,8.8,20.8,0.0,0.0,0.0,24.0,59.0,0.0,3.2
445,-75.66666666666667,45.31666666666667,OTTAWA INTL A,6106001,610600120171020,2017-10-20,ON,2017,10,20,12.0,5.0,18.9,0.0,0.0,0.0,28.0,33.0,0.0,6.0
446,-75.66666666666667,45.31666666666667,OTTAWA INTL A,6106001,610600120171021,2017-10-21,ON,2017,10,21,15.2,7.9,22.4,0.0,0.0,0.0,0.0,0.0,0.0,2.8
448,-75.66666666666667,45.31666666666667,OTTAWA INTL A,6106001,610600120171023,2017-10-23,ON,2017,10,23,14.0,6.7,21.2,0.0,0.0,0.0,19.0,39.0,0.0,4.0
449,-75.66666666666667,45.31666666666667,OTTAWA INTL A,6106001,610600120171024,2017-10-24,ON,2017,10,24,15.2,11.4,19.0,12.2,12.2,0.0,11.0,44.0,0.0,2.8
450,-75.66666666666667,45.31666666666667,OTTAWA INTL A,6106001,610600120171025,2017-10-25,ON,2017,10,25,9.7,4.7,14.6,0.0,0.0,0.0,20.0,44.0,0.0,8.3
451,-75.66666666666667,45.31666666666667,OTTAWA INTL A,6106001,610600120171026,2017-10-26,ON,2017,10,26,7.1,2.4,11.8,0.0,0.0,0.0,28.0,37.0,0.0,10.9
452,-75.66666666666667,45.31666666666667,OTTAWA INTL A,6106001,610600120171027,2017-10-27,ON,2017,10,27,7.1,3.0,11.1,0.0,0.0,0.0,28.0,33.0,0.0,10.9
453,-75.66666666666667,45.31666666666667,OTTAWA INTL A,6106001,610600120171028,2017-10-28,ON,2017,10,28,11.3,3.7,18.9,7.6,7.6,0.0,18.0,37.0,0.0,6.7
454,-75.66666666666667,45.31666666666667,OTTAWA INTL A,6106001,610600120171029,2017-10-29,ON,2017,10,29,8.2,6.3,10.0,39.0,39.0,0.0,5.0,32.0,0.0,9.8
455,-75.66666666666667,45.31666666666667,OTTAWA INTL A,6106001,610600120171030,2017-10-30,ON,2017,10,30,7.8,5.0,10.5,56.0,56.0,0.0,26.0,78.0,0.0,10.2
456,-75.66666666666667,45.31666666666667,OTTAWA INTL A,6106001,610600120171031,2017-10-31,ON,2017,10,31,5.4,0.4,10.4,0.0,0.0,0.0,22.0,57.0,0.0,12.6
457,-75.66666666666667,45.31666666666667,OTTAWA INTL A,6106001,61060012017111,2017-11-01,ON,2017,11,1,2.0,-2.2,6.1,7.4,7.4,0.0,0.0,0.0,0.0,16.0
458,-75.66666666666667,45.31666666666667,OTTAWA INTL A,6106001,61060012017112,2017-11-02,ON,2017,11,2,9.1,4.2,13.9,26.6,26.6,0.0,18.0,33.0,0.0,8.9
459,-75.66666666666667,45.31666666666667,OTTAWA INTL A,6106001,61060012017113,2017-11-03,ON,2017,11,3,7.0,0.2,13.7,7.8,7.8,0.0,31.0,59.0,0.0,11.0
460,-75.66666666666667,45.31666666666667,OTTAWA INTL A,6106001,61060012017114,2017-11-04,ON,2017,11,4,1.4,-2.2,4.9,0.0,0.0,0.0,8.0,41.0,0.0,16.6
461,-75.66666666666667,45.31666666666667,OTTAWA INTL A,6106001,61060012017115,2017-11-05,ON,2017,11,5,7.9,2.1,13.7,11.0,11.0,0.0,8.0,39.0,0.0,10.1
462,-75.66666666666667,45.31666666666667,OTTAWA INTL A,6106001,61060012017116,2017-11-06,ON,2017,11,6,7.6,1.1,14.1,0.4,0.4,0.0,31.0,50.0,0.0,10.4
463,-75.66666666666667,45.31666666666667,OTTAWA INTL A,6106001,61060012017117,2017-11-07,ON,2017,11,7,0.4,-5.0,5.8,0.0,0.0,0.0,33.0,35.0,0.0,17.6
465,-75.66666666666667,45.31666666666667,OTTAWA INTL A,6106001,61060012017119,2017-11-09,ON,2017,11,9,1.3,-4.9,7.5,2.6,1.6,1.0,28.0,69.0,0.0,16.7
466,-75.66666666666667,45.31666666666667,OTTAWA INTL A,6106001,610600120171110,2017-11-10,ON,2017,11,10,-8.1,-11.3,-4.9,0.0,0.0,0.0,27.0,67.0,0.0,26.1
467,-75.66666666666667,45.31666666666667,OTTAWA INTL A,6106001,610600120171111,2017-11-11,ON,2017,11,11,-7.0,-11.8,-2.1,0.0,0.0,0.0,32.0,41.0,0.0,25.0
468,-75.66666666666667,45.31666666666667,OTTAWA INTL A,6106001,610600120171112,2017-11-12,ON,2017,11,12,-1.0,-5.1,3.2,0.0,0.0,0.0,0.0,0.0,0.0,19.0
469,-75.66666666666667,45.31666666666667,OTTAWA INTL A,6106001,610600120171113,2017-11-13,ON,2017,11,13,-0.5,-1.7,0.8,0.0,0.0,0.0,0.0,0.0,0.0,18.5
470,-75.66666666666667,45.31666666666667,OTTAWA INTL A,6106001,610600120171114,2017-11-14,ON,2017,11,14,-0.5,-2.6,1.6,0.0,0.0,0.0,0.0,0.0,0.0,18.5
471,-75.66666666666667,45.31666666666667,OTTAWA INTL A,6106001,610600120171115,2017-11-15,ON,2017,11,15,0.5,-5.9,6.9,0.0,0.0,0.0,13.0,39.0,0.0,17.5
472,-75.66666666666667,45.31666666666667,OTTAWA INTL A,6106001,610600120171116,2017-11-16,ON,2017,11,16,2.4,-2.2,6.9,3.2,3.2,0.0,31.0,59.0,0.0,15.6
473,-75.66666666666667,45.31666666666667,OTTAWA INTL A,6106001,610600120171117,2017-11-17,ON,2017,11,17,-4.4,-7.8,-0.9,0.0,0.0,0.0,31.0,57.0,0.0,22.4
474,-75.66666666666667,45.31666666666667,OTTAWA INTL A,6106001,610600120171118,2017-11-18,ON,2017,11,18,-3.3,-6.0,-0.6,3.8,3.6,0.2,8.0,39.0,0.0,21.3
475,-75.66666666666667,45.31666666666667,OTTAWA INTL A,6106001,610600120171119,2017-11-19,ON,2017,11,19,-3.2,-6.3,-0.1,3.2,0.0,5.6,28.0,61.0,0.0,21.2
476,-75.66666666666667,45.31666666666667,OTTAWA INTL A,6106001,610600120171120,2017-11-20,ON,2017,11,20,-6.4,-9.1,-3.7,0.2,0.0,0.4,29.0,48.0,0.0,24.4
477,-75.66666666666667,45.31666666666667,OTTAWA INTL A,6106001,610600120171121,2017-11-21,ON,2017,11,21,1.9,-5.0,8.7,1.6,1.6,0.0,20.0,46.0,0.0,16.1
478,-75.66666666666667,45.31666666666667,OTTAWA INTL A,6106001,610600120171122,2017-11-22,ON,2017,11,22,-1.9,-8.3,4.5,1.0,0.4,1.2,31.0,39.0,0.0,19.9
479,-75.66666666666667,45.31666666666667,OTTAWA INTL A,6106001,610600120171123,2017-11-23,ON,2017,11,23,-3.9,-9.6,1.8,0.0,0.0,0.0,21.0,35.0,0.0,21.9
480,-75.66666666666667,45.31666666666667,OTTAWA INTL A,6106001,610600120171124,2017-11-24,ON,2017,11,24,4.4,0.5,8.2,0.0,0.0,0.0,21.0,52.0,0.0,13.6
481,-75.66666666666667,45.31666666666667,OTTAWA INTL A,6106001,610600120171125,2017-11-25,ON,2017,11,25,4.1,0.6,7.5,8.0,8.0,0.0,21.0,52.0,0.0,13.9
482,-75.66666666666667,45.31666666666667,OTTAWA INTL A,6106001,610600120171126,2017-11-26,ON,2017,11,26,-2.3,-5.2,0.6,3.6,0.0,5.0,34.0,46.0,0.0,20.3
483,-75.66666666666667,45.31666666666667,OTTAWA INTL A,6106001,610600120171127,2017-11-27,ON,2017,11,27,-7.6,-14.2,-1.0,0.0,0.0,0.0,31.0,48.0,0.0,25.6
484,-75.66666666666667,45.31666666666667,OTTAWA INTL A,6106001,610600120171128,2017-11-28,ON,2017,11,28,-1.4,-13.7,11.0,0.2,0.2,0.0,20.0,63.0,0.0,19.4
485,-75.66666666666667,45.31666666666667,OTTAWA INTL A,6106001,610600120171129,2017-11-29,ON,2017,11,29,1.0,-8.5,10.5,0.2,0.2,0.0,32.0,61.0,0.0,17.0
486,-75.66666666666667,45.31666666666667,OTTAWA INTL A,6106001,610600120171130,2017-11-30,ON,2017,11,30,-2.0,-8.2,4.3,4.4,4.4,0.0,0.0,0.0,0.0,20.0
487,-75.66666666666667,45.31666666666667,OTTAWA INTL A,6106001,61060012017121,2017-12-01,ON,2017,12,1,1.6,-0.6,3.7,0.0,0.0,0.0,0.0,0.0,0.0,16.4
488,-75.66666666666667,45.31666666666667,OTTAWA INTL A,6106001,61060012017122,2017-12-02,ON,2017,12,2,2.3,-0.5,5.1,0.0,0.0,0.0,0.0,0.0,0.0,15.7
489,-75.66666666666667,45.31666666666667,OTTAWA INTL A,6106001,61060012017123,2017-12-03,ON,2017,12,3,0.2,-3.3,3.7,0.0,0.0,0.0,0.0,0.0,0.0,17.8
490,-75.66666666666667,45.31666666666667,OTTAWA INTL A,6106001,61060012017124,2017-12-04,ON,2017,12,4,0.8,-2.1,3.7,0.0,0.0,0.0,9.0,43.0,0.0,17.2
491,-75.66666666666667,45.31666666666667,OTTAWA INTL A,6106001,61060012017125,2017-12-05,ON,2017,12,5,6.8,3.0,10.6,5.8,5.8,0.0,23.0,70.0,0.0,11.2
492,-75.66666666666667,45.31666666666667,OTTAWA INTL A,6106001,61060012017126,2017-12-06,ON,2017,12,6,1.5,-1.2,4.2,0.0,0.0,0.0,24.0,57.0,0.0,16.5
493,-75.66666666666667,45.31666666666667,OTTAWA INTL A,6106001,61060012017127,2017-12-07,ON,2017,12,7,-2.2,-4.8,0.5,0.4,0.0,0.4,24.0,37.0,0.0,20.2
494,-75.66666666666667,45.31666666666667,OTTAWA INTL A,6106001,61060012017128,2017-12-08,ON,2017,12,8,-2.1,-4.5,0.3,0.0,0.0,0.0,24.0,54.0,0.0,20.1
495,-75.66666666666667,45.31666666666667,OTTAWA INTL A,6106001,61060012017129,2017-12-09,ON,2017,12,9,-3.3,-6.3,-0.3,1.6,0.0,3.4,0.0,0.0,0.0,21.3
496,-75.66666666666667,45.31666666666667,OTTAWA INTL A,6106001,610600120171210,2017-12-10,ON,2017,12,10,-6.6,-10.5,-2.6,0.6,0.0,1.2,29.0,44.0,0.0,24.6
497,-75.66666666666667,45.31666666666667,OTTAWA INTL A,6106001,610600120171211,2017-12-11,ON,2017,12,11,-13.7,-16.9,-10.4,0.4,0.0,1.0,0.0,0.0,0.0,31.7
498,-75.66666666666667,45.31666666666667,OTTAWA INTL A,6106001,610600120171212,2017-12-12,ON,2017,12,12,-8.8,-11.1,-6.4,9.8,0.0,17.0,7.0,44.0,0.0,26.8
499,-75.66666666666667,45.31666666666667,OTTAWA INTL A,6106001,610600120171213,2017-12-13,ON,2017,12,13,-13.9,-17.5,-10.3,0.2,0.0,0.8,28.0,57.0,0.0,31.9
500,-75.66666666666667,45.31666666666667,OTTAWA INTL A,6106001,610600120171214,2017-12-14,ON,2017,12,14,-18.3,-22.0,-14.5,0.0,0.0,0.0,29.0,39.0,0.0,36.3
501,-75.66666666666667,45.31666666666667,OTTAWA INTL A,6106001,610600120171215,2017-12-15,ON,2017,12,15,-17.3,-23.2,-11.3,1.8,0.0,5.0,0.0,0.0,0.0,35.3
502,-75.66666666666667,45.31666666666667,OTTAWA INTL A,6106001,610600120171216,2017-12-16,ON,2017,12,16,-14.5,-20.1,-8.9,0.6,0.0,1.0,30.0,41.0,0.0,32.5
503,-75.66666666666667,45.31666666666667,OTTAWA INTL A,6106001,610600120171217,2017-12-17,ON,2017,12,17,-18.8,-24.0,-13.6,0.0,0.0,0.0,0.0,0.0,0.0,36.8
504,-75.66666666666667,45.31666666666667,OTTAWA INTL A,6106001,610600120171218,2017-12-18,ON,2017,12,18,-12.8,-15.8,-9.7,4.2,0.0,8.6,0.0,0.0,0.0,30.8
505,-75.66666666666667,45.31666666666667,OTTAWA INTL A,6106001,610600120171219,2017-12-19,ON,2017,12,19,-3.0,-10.1,4.1,6.2,1.0,8.8,29.0,54.0,0.0,21.0
506,-75.66666666666667,45.31666666666667,OTTAWA INTL A,6106001,610600120171220,2017-12-20,ON,2017,12,20,-7.2,-14.1,-0.2,0.0,0.0,0.0,29.0,57.0,0.0,25.2
507,-75.66666666666667,45.31666666666667,OTTAWA INTL A,6106001,610600120171221,2017-12-21,ON,2017,12,21,-13.5,-16.0,-10.9,0.0,0.0,0.0,0.0,0.0,0.0,31.5
508,-75.66666666666667,45.31666666666667,OTTAWA INTL A,6106001,610600120171222,2017-12-22,ON,2017,12,22,-13.8,-15.7,-11.8,1.2,0.0,2.4,5.0,39.0,0.0,31.8
509,-75.66666666666667,45.31666666666667,OTTAWA INTL A,6106001,610600120171223,2017-12-23,ON,2017,12,23,-9.4,-11.7,-7.0,6.4,0.0,9.6,0.0,0.0,0.0,27.4
510,-75.66666666666667,45.31666666666667,OTTAWA INTL A,6106001,610600120171224,2017-12-24,ON,2017,12,24,-10.7,-14.8,-6.5,0.4,0.4,0.4,6.0,44.0,0.0,28.7
511,-75.66666666666667,45.31666666666667,OTTAWA INTL A,6106001,610600120171225,2017-12-25,ON,2017,12,25,-8.0,-9.4,-6.5,5.6,0.0,10.0,7.0,52.0,0.0,26.0
512,-75.66666666666667,45.31666666666667,OTTAWA INTL A,6106001,610600120171226,2017-12-26,ON,2017,12,26,-15.4,-22.3,-8.4,0.0,0.0,0.0,29.0,46.0,0.0,33.4
513,-75.66666666666667,45.31666666666667,OTTAWA INTL A,6106001,610600120171227,2017-12-27,ON,2017,12,27,-22.9,-25.8,-20.0,0.0,0.0,0.0,32.0,44.0,0.0,40.9
514,-75.66666666666667,45.31666666666667,OTTAWA INTL A,6106001,610600120171228,2017-12-28,ON,2017,12,28,-23.8,-26.8,-20.8,0.0,0.0,0.0,28.0,33.0,0.0,41.8
515,-75.66666666666667,45.31666666666667,OTTAWA INTL A,6106001,610600120171229,2017-12-29,ON,2017,12,29,-22.3,-25.9,-18.7,0.0,0.0,0.0,0.0,0.0,0.0,40.3
516,-75.66666666666667,45.31666666666667,OTTAWA INTL A,6106001,610600120171230,2017-12-30,ON,2017,12,30,-21.9,-26.6,-17.2,0.8,0.0,1.2,33.0,37.0,0.0,39.9
517,-75.66666666666667,45.31666666666667,OTTAWA INTL A,6106001,610600120171231,2017-12-31,ON,2017,12,31,-22.3,-24.6,-20.0,0.0,0.0,0.0,29.0,35.0,0.0,40.3
518,-75.66666666666667,45.31666666666667,OTTAWA INTL A,6106001,6106001201811,2018-01-01,ON,2018,1,1,-24.6,-30.2,-18.9,0.0,0.0,0.0,0.0,0.0,0.0,42.6
