surrogate_key,Longitude (x),Latitude (y),Station Name,Climate ID,Date/Time,Year,Month,Day,Max Temp (°C),Min Temp (°C),Mean Temp (°C),Heat Deg Days (°C),Cool Deg Days (°C),Total Rain (mm),Total Snow (cm),Total Precip (mm)
0,-75.67,45.32,OTTAWA INTL A,6106001,2020-01-01,2020,1,1,1.1,-2.0,-0.5,18.5,0.0,0.0,0.0,0.0
1,-75.67,45.32,OTTAWA INTL A,6106001,2020-01-02,2020,1,2,4.4,-4.6,-0.1,18.1,0.0,0.0,0.0,0.0
2,-75.67,45.32,OTTAWA INTL A,6106001,2020-01-03,2020,1,3,4.7,1.2,3.0,15.0,0.0,0.0,0.0,0.0
3,-75.67,45.32,OTTAWA INTL A,6106001,2020-01-04,2020,1,4,1.4,-3.0,-0.8,18.8,0.0,0.0,1.8,1.3
4,-75.67,45.32,OTTAWA INTL A,6106001,2020-01-05,2020,1,5,-3.0,-12.9,-8.0,26.0,0.0,0.0,0.0,0.0
5,-75.67,45.32,OTTAWA INTL A,6106001,2020-01-06,2020,1,6,-4.1,-11.7,-7.9,25.9,0.0,0.0,6.6,3.4
6,-75.67,45.32,OTTAWA INTL A,6106001,2020-01-07,2020,1,7,-0.4,-7.0,-3.7,21.7,0.0,0.0,0.0,0.0
7,-75.67,45.32,OTTAWA INTL A,6106001,2020-01-08,2020,1,8,-1.2,-15.1,-8.2,26.2,0.0,0.0,0.0,0.0
8,-75.67,45.32,OTTAWA INTL A,6106001,2020-01-09,2020,1,9,-10.2,-18.6,-14.4,32.4,0.0,0.0,0.0,0.0
9,-75.67,45.32,OTTAWA INTL A,6106001,2020-01-10,2020,1,10,3.7,-10.2,-3.3,21.3,0.0,0.0,0.0,0.0
10,-75.67,45.32,OTTAWA INTL A,6106001,2020-01-11,2020,1,11,8.3,-2.4,3.0,15.0,0.0,38.9,0.4,43.1
11,-75.67,45.32,OTTAWA INTL A,6106001,2020-01-12,2020,1,12,-2.4,-11.2,-6.8,24.8,0.0,0.8,12.0,12.0
12,-75.67,45.32,OTTAWA INTL A,6106001,2020-01-13,2020,1,13,-6.8,-11.6,-9.2,27.2,0.0,0.8,0.2,1.0
13,-75.67,45.32,OTTAWA INTL A,6106001,2020-01-14,2020,1,14,-5.6,-9.5,-7.6,25.6,0.0,0.0,0.0,0.0
14,-75.67,45.32,OTTAWA INTL A,6106001,2020-01-15,2020,1,15,0.7,-6.7,-3.0,21.0,0.0,0.0,0.2,0.2
15,-75.67,45.32,OTTAWA INTL A,6106001,2020-01-16,2020,1,16,-1.9,-17.1,-9.5,27.5,0.0,0.0,7.4,4.6
16,-75.67,45.32,OTTAWA INTL A,6106001,2020-01-17,2020,1,17,-16.3,-20.8,-18.6,36.6,0.0,0.0,0.0,0.0
17,-75.67,45.32,OTTAWA INTL A,6106001,2020-01-18,2020,1,18,-14.0,-19.1,-16.6,34.6,0.0,0.0,14.3,10.3
18,-75.67,45.32,OTTAWA INTL A,6106001,2020-01-19,2020,1,19,-9.5,-15.0,-12.3,30.3,0.0,0.0,6.6,4.6
19,-75.67,45.32,OTTAWA INTL A,6106001,2020-01-20,2020,1,20,-10.2,-19.6,-14.9,32.9,0.0,0.0,0.0,0.0
20,-75.67,45.32,OTTAWA INTL A,6106001,2020-01-21,2020,1,21,-4.5,-20.4,-12.5,30.5,0.0,0.0,0.0,0.0
21,-75.67,45.32,OTTAWA INTL A,6106001,2020-01-22,2020,1,22,1.4,-8.0,-3.3,21.3,0.0,0.0,0.0,0.0
22,-75.67,45.32,OTTAWA INTL A,6106001,2020-01-23,2020,1,23,1.8,-5.1,-1.7,19.7,0.0,0.0,0.0,0.0
23,-75.67,45.32,OTTAWA INTL A,6106001,2020-01-24,2020,1,24,1.4,-4.2,-1.4,19.4,0.0,0.0,0.0,0.0
24,-75.67,45.32,OTTAWA INTL A,6106001,2020-01-25,2020,1,25,0.3,-2.5,-1.1,19.1,0.0,2.8,6.4,13.6
25,-75.67,45.32,OTTAWA INTL A,6106001,2020-01-26,2020,1,26,1.4,-0.1,0.7,17.3,0.0,1.2,5.6,4.8
26,-75.67,45.32,OTTAWA INTL A,6106001,2020-01-27,2020,1,27,1.3,-1.9,-0.3,18.3,0.0,0.0,0.2,0.2
27,-75.67,45.32,OTTAWA INTL A,6106001,2020-01-28,2020,1,28,-1.8,-8.8,-5.3,23.3,0.0,0.6,0.0,0.6
28,-75.67,45.32,OTTAWA INTL A,6106001,2020-01-29,2020,1,29,-7.9,-14.9,-11.4,29.4,0.0,0.0,0.0,0.0
29,-75.67,45.32,OTTAWA INTL A,6106001,2020-01-30,2020,1,30,-6.2,-15.9,-11.1,29.1,0.0,0.0,0.0,0.0
30,-75.67,45.32,OTTAWA INTL A,6106001,2020-01-31,2020,1,31,-6.0,-15.6,-10.8,28.8,0.0,0.0,1.0,0.6
31,-75.67,45.32,OTTAWA INTL A,6106001,2020-02-01,2020,2,1,-2.2,-12.7,-7.5,25.5,0.0,0.0,0.0,0.0
32,-75.67,45.32,OTTAWA INTL A,6106001,2020-02-02,2020,2,2,-1.8,-8.3,-5.1,23.1,0.0,0.0,2.8,1.8
33,-75.67,45.32,OTTAWA INTL A,6106001,2020-02-03,2020,2,3,3.6,-4.6,-0.5,18.5,0.0,0.0,0.0,0.0
34,-75.67,45.32,OTTAWA INTL A,6106001,2020-02-04,2020,2,4,2.0,-5.7,-1.9,19.9,0.0,0.0,0.0,0.0
35,-75.67,45.32,OTTAWA INTL A,6106001,2020-02-05,2020,2,5,-3.4,-11.8,-7.6,25.6,0.0,0.0,0.0,0.0
36,-75.67,45.32,OTTAWA INTL A,6106001,2020-02-06,2020,2,6,-5.4,-10.6,-8.0,26.0,0.0,0.6,7.2,6.2
37,-75.67,45.32,OTTAWA INTL A,6106001,2020-02-07,2020,2,7,-5.4,-15.1,-10.3,28.3,0.0,0.0,18.8,12.8
38,-75.67,45.32,OTTAWA INTL A,6106001,2020-02-08,2020,2,8,-15.1,-22.8,-19.0,37.0,0.0,0.0,0.0,0.0
39,-75.67,45.32,OTTAWA INTL A,6106001,2020-02-09,2020,2,9,-9.7,-26.3,-18.0,36.0,0.0,0.0,2.8,2.0
40,-75.67,45.32,OTTAWA INTL A,6106001,2020-02-10,2020,2,10,-0.4,-11.9,-6.2,24.2,0.0,0.0,5.2,2.6
41,-75.67,45.32,OTTAWA INTL A,6106001,2020-02-11,2020,2,11,-0.3,-8.2,-4.3,22.3,0.0,0.0,0.0,0.0
42,-75.67,45.32,OTTAWA INTL A,6106001,2020-02-12,2020,2,12,1.8,-6.5,-2.4,20.4,0.0,0.0,0.0,0.0
43,-75.67,45.32,OTTAWA INTL A,6106001,2020-02-13,2020,2,13,-1.0,-20.2,-10.6,28.6,0.0,0.0,4.4,2.0
44,-75.67,45.32,OTTAWA INTL A,6106001,2020-02-14,2020,2,14,-16.1,-25.7,-20.9,38.9,0.0,0.0,0.0,0.0
45,-75.67,45.32,OTTAWA INTL A,6106001,2020-02-15,2020,2,15,-3.0,-16.9,-10.0,28.0,0.0,0.0,0.0,0.0
46,-75.67,45.32,OTTAWA INTL A,6106001,2020-02-16,2020,2,16,3.4,-5.6,-1.1,19.1,0.0,0.0,0.0,0.0
47,-75.67,45.32,OTTAWA INTL A,6106001,2020-02-17,2020,2,17,-5.4,-15.3,-10.4,28.4,0.0,0.0,0.0,0.0
48,-75.67,45.32,OTTAWA INTL A,6106001,2020-02-18,2020,2,18,4.1,-13.5,-4.7,22.7,0.0,0.0,4.2,2.0
49,-75.67,45.32,OTTAWA INTL A,6106001,2020-02-19,2020,2,19,1.0,-14.1,-6.6,24.6,0.0,0.0,0.0,0.0
50,-75.67,45.32,OTTAWA INTL A,6106001,2020-02-20,2020,2,20,-11.7,-18.3,-15.0,33.0,0.0,0.0,0.0,0.0
51,-75.67,45.32,OTTAWA INTL A,6106001,2020-02-21,2020,2,21,-0.6,-20.0,-10.3,28.3,0.0,0.0,0.0,0.0
52,-75.67,45.32,OTTAWA INTL A,6106001,2020-02-22,2020,2,22,3.4,-4.2,-0.4,18.4,0.0,0.0,0.0,0.0
53,-75.67,45.32,OTTAWA INTL A,6106001,2020-02-23,2020,2,23,6.1,-4.9,0.6,17.4,0.0,0.0,0.0,0.0
54,-75.67,45.32,OTTAWA INTL A,6106001,2020-02-24,2020,2,24,8.4,-0.2,4.1,13.9,0.0,0.0,0.0,0.0
55,-75.67,45.32,OTTAWA INTL A,6106001,2020-02-25,2020,2,25,4.7,0.2,2.5,15.5,0.0,0.0,0.0,0.0
56,-75.67,45.32,OTTAWA INTL A,6106001,2020-02-26,2020,2,26,0.3,-1.9,-0.8,18.8,0.0,0.8,2.4,3.8
57,-75.67,45.32,OTTAWA INTL A,6106001,2020-02-27,2020,2,27,0.7,-10.0,-4.7,22.7,0.0,3.5,17.2,16.8
58,-75.67,45.32,OTTAWA INTL A,6106001,2020-02-28,2020,2,28,-8.4,-14.4,-11.4,29.4,0.0,0.0,1.8,0.4
59,-75.67,45.32,OTTAWA INTL A,6106001,2020-02-29,2020,2,29,-9.5,-17.2,-13.4,31.4,0.0,0.0,0.0,0.0
60,-75.67,45.32,OTTAWA INTL A,6106001,2020-03-01,2020,3,1,-4.5,-17.4,-11.0,29.0,0.0,0.0,2.2,1.8
61,-75.67,45.32,OTTAWA INTL A,6106001,2020-03-02,2020,3,2,4.0,-7.2,-1.6,19.6,0.0,4.4,0.8,4.8
62,-75.67,45.32,OTTAWA INTL A,6106001,2020-03-03,2020,3,3,3.5,-5.5,-1.0,19.0,0.0,8.2,0.0,8.4
63,-75.67,45.32,OTTAWA INTL A,6106001,2020-03-04,2020,3,4,4.1,-0.7,1.7,16.3,0.0,0.0,0.0,0.0
64,-75.67,45.32,OTTAWA INTL A,6106001,2020-03-05,2020,3,5,2.4,-3.1,-0.4,18.4,0.0,0.0,0.0,0.0
65,-75.67,45.32,OTTAWA INTL A,6106001,2020-03-06,2020,3,6,0.0,-6.2,-3.1,21.1,0.0,0.4,4.4,3.8
66,-75.67,45.32,OTTAWA INTL A,6106001,2020-03-07,2020,3,7,-1.0,-11.8,-6.4,24.4,0.0,0.0,0.0,0.0
67,-75.67,45.32,OTTAWA INTL A,6106001,2020-03-08,2020,3,8,6.5,-2.1,2.2,15.8,0.0,0.0,0.0,0.0
68,-75.67,45.32,OTTAWA INTL A,6106001,2020-03-09,2020,3,9,12.8,3.0,7.9,10.1,0.0,2.6,0.0,2.6
69,-75.67,45.32,OTTAWA INTL A,6106001,2020-03-10,2020,3,10,7.8,-4.1,1.9,16.1,0.0,3.9,0.0,3.9
70,-75.67,45.32,OTTAWA INTL A,6106001,2020-03-11,2020,3,11,-1.6,-6.8,-4.2,22.2,0.0,0.0,0.0,0.0
71,-75.67,45.32,OTTAWA INTL A,6106001,2020-03-12,2020,3,12,1.8,-3.4,-0.8,18.8,0.0,0.0,0.0,0.0
72,-75.67,45.32,OTTAWA INTL A,6106001,2020-03-13,2020,3,13,7.2,0.1,3.7,14.3,0.0,8.3,0.0,8.3
73,-75.67,45.32,OTTAWA INTL A,6106001,2020-03-14,2020,3,14,4.5,-3.3,0.6,17.4,0.0,0.0,0.0,0.0
74,-75.67,45.32,OTTAWA INTL A,6106001,2020-03-15,2020,3,15,-1.9,-8.8,-5.4,23.4,0.0,0.0,0.0,0.0
75,-75.67,45.32,OTTAWA INTL A,6106001,2020-03-16,2020,3,16,-1.1,-10.1,-5.6,23.6,0.0,0.0,0.0,0.0
76,-75.67,45.32,OTTAWA INTL A,6106001,2020-03-17,2020,3,17,5.8,-3.2,1.3,16.7,0.0,6.6,0.0,6.6
77,-75.67,45.32,OTTAWA INTL A,6106001,2020-03-18,2020,3,18,3.2,-3.7,-0.3,18.3,0.0,0.0,0.0,0.0
78,-75.67,45.32,OTTAWA INTL A,6106001,2020-03-19,2020,3,19,3.8,-0.6,1.6,16.4,0.0,0.3,0.0,0.3
79,-75.67,45.32,OTTAWA INTL A,6106001,2020-03-20,2020,3,20,14.2,-6.1,4.1,13.9,0.0,3.7,0.0,3.7
80,-75.67,45.32,OTTAWA INTL A,6106001,2020-03-21,2020,3,21,-3.6,-11.1,-7.4,25.4,0.0,0.0,0.0,0.0
81,-75.67,45.32,OTTAWA INTL A,6106001,2020-03-22,2020,3,22,-0.3,-10.2,-5.3,23.3,0.0,0.0,0.0,0.0
82,-75.67,45.32,OTTAWA INTL A,6106001,2020-03-23,2020,3,23,0.1,-5.5,-2.7,20.7,0.0,0.0,5.6,4.8
83,-75.67,45.32,OTTAWA INTL A,6106001,2020-03-24,2020,3,24,4.5,-2.4,1.1,16.9,0.0,0.0,0.0,0.0
84,-75.67,45.32,OTTAWA INTL A,6106001,2020-03-25,2020,3,25,5.2,-3.7,0.8,17.2,0.0,0.0,0.0,0.0
85,-75.67,45.32,OTTAWA INTL A,6106001,2020-03-26,2020,3,26,10.9,0.8,5.9,12.1,0.0,3.7,0.0,3.7
86,-75.67,45.32,OTTAWA INTL A,6106001,2020-03-27,2020,3,27,8.2,-2.2,3.0,15.0,0.0,0.0,0.0,0.0
87,-75.67,45.32,OTTAWA INTL A,6106001,2020-03-28,2020,3,28,7.3,-4.8,1.3,16.7,0.0,0.0,0.0,0.0
88,-75.67,45.32,OTTAWA INTL A,6106001,2020-03-29,2020,3,29,8.2,2.8,5.5,12.5,0.0,18.7,0.0,18.7
89,-75.67,45.32,OTTAWA INTL A,6106001,2020-03-30,2020,3,30,9.0,1.2,5.1,12.9,0.0,6.9,0.0,6.9
90,-75.67,45.32,OTTAWA INTL A,6106001,2020-03-31,2020,3,31,8.9,-1.4,3.8,14.2,0.0,0.4,0.0,0.4
91,-75.67,45.32,OTTAWA INTL A,6106001,2020-04-01,2020,4,1,7.4,-2.6,2.4,15.6,0.0,0.0,0.0,0.0
92,-75.67,45.32,OTTAWA INTL A,6106001,2020-04-02,2020,4,2,10.8,-1.4,4.7,13.3,0.0,0.0,0.0,0.0
93,-75.67,45.32,OTTAWA INTL A,6106001,2020-04-03,2020,4,3,10.0,3.7,6.9,11.1,0.0,1.5,0.0,1.5
94,-75.67,45.32,OTTAWA INTL A,6106001,2020-04-04,2020,4,4,14.3,2.3,8.3,9.7,0.0,0.0,0.0,0.0
95,-75.67,45.32,OTTAWA INTL A,6106001,2020-04-05,2020,4,5,10.4,-0.2,5.1,12.9,0.0,0.8,0.0,0.8
96,-75.67,45.32,OTTAWA INTL A,6106001,2020-04-06,2020,4,6,14.7,-2.8,6.0,12.0,0.0,0.0,0.0,0.0
97,-75.67,45.32,OTTAWA INTL A,6106001,2020-04-07,2020,4,7,13.1,-1.0,6.1,11.9,0.0,0.0,0.0,0.0
98,-75.67,45.32,OTTAWA INTL A,6106001,2020-04-08,2020,4,8,7.9,0.5,4.2,13.8,0.0,0.0,0.0,0.0
99,-75.67,45.32,OTTAWA INTL A,6106001,2020-04-09,2020,4,9,7.7,0.7,4.2,13.8,0.0,10.8,0.8,11.6
100,-75.67,45.32,OTTAWA INTL A,6106001,2020-04-10,2020,4,10,5.2,-0.3,2.5,15.5,0.0,0.2,1.0,0.7
101,-75.67,45.32,OTTAWA INTL A,6106001,2020-04-11,2020,4,11,8.7,-2.0,3.4,14.6,0.0,0.0,0.0,0.0
102,-75.67,45.32,OTTAWA INTL A,6106001,2020-04-12,2020,4,12,12.1,-2.3,4.9,13.1,0.0,0.0,0.0,0.0
103,-75.67,45.32,OTTAWA INTL A,6106001,2020-04-13,2020,4,13,15.3,2.4,8.9,9.1,0.0,19.8,0.0,19.8
104,-75.67,45.32,OTTAWA INTL A,6106001,2020-04-14,2020,4,14,8.4,-0.8,3.8,14.2,0.0,0.0,2.0,1.0
105,-75.67,45.32,OTTAWA INTL A,6106001,2020-04-15,2020,4,15,4.4,-4.4,0.0,18.0,0.0,0.0,0.0,0.0
106,-75.67,45.32,OTTAWA INTL A,6106001,2020-04-16,2020,4,16,5.8,-5.4,0.2,17.8,0.0,0.0,0.0,0.0
107,-75.67,45.32,OTTAWA INTL A,6106001,2020-04-17,2020,4,17,,,,,,0.0,0.0,0.0
108,-75.67,45.32,OTTAWA INTL A,6106001,2020-04-18,2020,4,18,11.1,-4.8,3.2,14.8,0.0,0.0,0.0,0.0
109,-75.67,45.32,OTTAWA INTL A,6106001,2020-04-19,2020,4,19,7.8,-2.0,2.9,15.1,0.0,6.4,0.0,6.4
110,-75.67,45.32,OTTAWA INTL A,6106001,2020-04-20,2020,4,20,6.0,-5.6,0.2,17.8,0.0,0.0,0.0,0.0
111,-75.67,45.32,OTTAWA INTL A,6106001,2020-04-21,2020,4,21,7.8,-4.8,1.5,16.5,0.0,3.2,2.0,4.7
112,-75.67,45.32,OTTAWA INTL A,6106001,2020-04-22,2020,4,22,3.0,-6.2,-1.6,19.6,0.0,0.0,0.6,0.4
113,-75.67,45.32,OTTAWA INTL A,6106001,2020-04-23,2020,4,23,7.4,-6.5,0.5,17.5,0.0,0.0,0.0,0.0
114,-75.67,45.32,OTTAWA INTL A,6106001,2020-04-24,2020,4,24,9.4,-3.9,2.8,15.2,0.0,0.0,0.0,0.0
115,-75.67,45.32,OTTAWA INTL A,6106001,2020-04-25,2020,4,25,15.4,-3.5,6.0,12.0,0.0,0.0,0.0,0.0
116,-75.67,45.32,OTTAWA INTL A,6106001,2020-04-26,2020,4,26,13.0,3.7,8.4,9.6,0.0,0.0,0.0,0.0
117,-75.67,45.32,OTTAWA INTL A,6106001,2020-04-27,2020,4,27,13.6,1.6,7.6,10.4,0.0,0.0,0.0,0.0
118,-75.67,45.32,OTTAWA INTL A,6106001,2020-04-28,2020,4,28,15.4,-1.0,7.2,10.8,0.0,0.0,0.0,0.0
119,-75.67,45.32,OTTAWA INTL A,6106001,2020-04-29,2020,4,29,16.8,1.9,9.4,8.6,0.0,0.0,0.0,0.0
120,-75.67,45.32,OTTAWA INTL A,6106001,2020-04-30,2020,4,30,13.0,9.4,11.2,6.8,0.0,21.6,0.0,21.6
121,-75.67,45.32,OTTAWA INTL A,6106001,2020-05-01,2020,5,1,14.4,2.8,8.6,9.4,0.0,2.3,0.0,2.3
122,-75.67,45.32,OTTAWA INTL A,6106001,2020-05-02,2020,5,2,20.5,2.9,11.7,6.3,0.0,1.3,0.0,1.3
123,-75.67,45.32,OTTAWA INTL A,6106001,2020-05-03,2020,5,3,22.1,6.2,14.2,3.8,0.0,0.3,0.0,0.3
124,-75.67,45.32,OTTAWA INTL A,6106001,2020-05-04,2020,5,4,11.2,0.3,5.8,12.2,0.0,0.0,0.0,0.0
125,-75.67,45.32,OTTAWA INTL A,6106001,2020-05-05,2020,5,5,11.6,-1.6,5.0,13.0,0.0,0.0,0.0,0.0
126,-75.67,45.32,OTTAWA INTL A,6106001,2020-05-06,2020,5,6,15.2,2.2,8.7,9.3,0.0,0.0,0.0,0.0
127,-75.67,45.32,OTTAWA INTL A,6106001,2020-05-07,2020,5,7,15.3,0.8,8.1,9.9,0.0,0.0,0.0,0.0
128,-75.67,45.32,OTTAWA INTL A,6106001,2020-05-08,2020,5,8,5.8,-1.1,2.4,15.6,0.0,0.0,0.4,0.0
129,-75.67,45.32,OTTAWA INTL A,6106001,2020-05-09,2020,5,9,5.7,-3.3,1.2,16.8,0.0,0.0,0.0,0.0
130,-75.67,45.32,OTTAWA INTL A,6106001,2020-05-10,2020,5,10,12.6,-0.7,6.0,12.0,0.0,0.0,0.0,0.0
131,-75.67,45.32,OTTAWA INTL A,6106001,2020-05-11,2020,5,11,10.6,0.7,5.7,12.3,0.0,0.0,0.0,0.0
132,-75.67,45.32,OTTAWA INTL A,6106001,2020-05-12,2020,5,12,8.8,-4.6,2.1,15.9,0.0,0.0,0.0,0.0
133,-75.67,45.32,OTTAWA INTL A,6106001,2020-05-13,2020,5,13,14.7,-2.4,6.2,11.8,0.0,0.0,0.0,0.0
134,-75.67,45.32,OTTAWA INTL A,6106001,2020-05-14,2020,5,14,18.1,0.6,9.4,8.6,0.0,0.2,0.0,0.2
135,-75.67,45.32,OTTAWA INTL A,6106001,2020-05-15,2020,5,15,,,,,,24.0,0.0,24.0
136,-75.67,45.32,OTTAWA INTL A,6106001,2020-05-16,2020,5,16,17.6,8.2,12.9,5.1,0.0,0.0,0.0,0.0
137,-75.67,45.32,OTTAWA INTL A,6106001,2020-05-17,2020,5,17,19.8,7.6,13.7,4.3,0.0,0.0,0.0,0.0
138,-75.67,45.32,OTTAWA INTL A,6106001,2020-05-18,2020,5,18,21.0,10.6,15.8,2.2,0.0,0.0,0.0,0.0
139,-75.67,45.32,OTTAWA INTL A,6106001,2020-05-19,2020,5,19,19.8,7.5,13.7,4.3,0.0,0.0,0.0,0.0
140,-75.67,45.32,OTTAWA INTL A,6106001,2020-05-20,2020,5,20,23.9,5.4,14.7,3.3,0.0,0.0,0.0,0.0
141,-75.67,45.32,OTTAWA INTL A,6106001,2020-05-21,2020,5,21,24.8,8.1,16.5,1.5,0.0,0.0,0.0,0.0
142,-75.67,45.32,OTTAWA INTL A,6106001,2020-05-22,2020,5,22,28.7,7.8,18.3,0.0,0.3,0.0,0.0,0.0
143,-75.67,45.32,OTTAWA INTL A,6106001,2020-05-23,2020,5,23,24.5,12.1,18.3,0.0,0.3,0.0,0.0,0.0
144,-75.67,45.32,OTTAWA INTL A,6106001,2020-05-24,2020,5,24,28.3,9.1,18.7,0.0,0.7,0.0,0.0,0.0
145,-75.67,45.32,OTTAWA INTL A,6106001,2020-05-25,2020,5,25,23.4,16.2,19.8,0.0,1.8,1.5,0.0,1.5
146,-75.67,45.32,OTTAWA INTL A,6106001,2020-05-26,2020,5,26,33.2,13.7,23.5,0.0,5.5,0.0,0.0,0.0
147,-75.67,45.32,OTTAWA INTL A,6106001,2020-05-27,2020,5,27,35.0,18.3,26.7,0.0,8.7,0.0,0.0,0.0
148,-75.67,45.32,OTTAWA INTL A,6106001,2020-05-28,2020,5,28,27.8,18.9,23.4,0.0,5.4,0.2,0.0,0.2
149,-75.67,45.32,OTTAWA INTL A,6106001,2020-05-29,2020,5,29,29.0,12.9,21.0,0.0,3.0,8.1,0.0,8.1
150,-75.67,45.32,OTTAWA INTL A,6106001,2020-05-30,2020,5,30,20.5,4.1,12.3,5.7,0.0,6.3,0.0,6.3
151,-75.67,45.32,OTTAWA INTL A,6106001,2020-05-31,2020,5,31,13.1,2.8,8.0,10.0,0.0,0.0,0.0,0.0
152,-75.67,45.32,OTTAWA INTL A,6106001,2020-06-01,2020,6,1,18.1,0.7,9.4,8.6,0.0,0.0,0.0,0.0
153,-75.67,45.32,OTTAWA INTL A,6106001,2020-06-02,2020,6,2,16.1,7.8,12.0,6.0,0.0,0.8,0.0,0.8
154,-75.67,45.32,OTTAWA INTL A,6106001,2020-06-03,2020,6,3,19.6,10.1,14.9,3.1,0.0,0.0,0.0,0.0
155,-75.67,45.32,OTTAWA INTL A,6106001,2020-06-04,2020,6,4,25.4,9.5,17.5,0.5,0.0,0.0,0.0,0.0
156,-75.67,45.32,OTTAWA INTL A,6106001,2020-06-05,2020,6,5,29.8,11.3,20.6,0.0,2.6,52.1,0.0,52.1
157,-75.67,45.32,OTTAWA INTL A,6106001,2020-06-06,2020,6,6,24.9,13.0,19.0,0.0,1.0,0.6,0.0,0.6
158,-75.67,45.32,OTTAWA INTL A,6106001,2020-06-07,2020,6,7,21.6,9.6,15.6,2.4,0.0,0.0,0.0,0.0
159,-75.67,45.32,OTTAWA INTL A,6106001,2020-06-08,2020,6,8,22.7,8.2,15.5,2.5,0.0,0.0,0.0,0.0
160,-75.67,45.32,OTTAWA INTL A,6106001,2020-06-09,2020,6,9,22.1,12.6,17.4,0.6,0.0,0.7,0.0,0.7
161,-75.67,45.32,OTTAWA INTL A,6106001,2020-06-10,2020,6,10,29.5,13.8,21.7,0.0,3.7,1.5,0.0,1.5
162,-75.67,45.32,OTTAWA INTL A,6106001,2020-06-11,2020,6,11,23.3,14.0,18.7,0.0,0.7,3.7,0.0,3.7
163,-75.67,45.32,OTTAWA INTL A,6106001,2020-06-12,2020,6,12,18.1,5.4,11.8,6.2,0.0,0.5,0.0,0.5
164,-75.67,45.32,OTTAWA INTL A,6106001,2020-06-13,2020,6,13,16.7,5.3,11.0,7.0,0.0,0.6,0.0,0.6
165,-75.67,45.32,OTTAWA INTL A,6106001,2020-06-14,2020,6,14,20.9,5.8,13.4,4.6,0.0,0.0,0.0,0.0
166,-75.67,45.32,OTTAWA INTL A,6106001,2020-06-15,2020,6,15,23.8,5.7,14.8,3.2,0.0,0.0,0.0,0.0
167,-75.67,45.32,OTTAWA INTL A,6106001,2020-06-16,2020,6,16,27.4,8.5,18.0,0.0,0.0,0.0,0.0,0.0
168,-75.67,45.32,OTTAWA INTL A,6106001,2020-06-17,2020,6,17,30.0,10.5,20.3,0.0,2.3,0.0,0.0,0.0
169,-75.67,45.32,OTTAWA INTL A,6106001,2020-06-18,2020,6,18,32.1,12.3,22.2,0.0,4.2,0.0,0.0,0.0
170,-75.67,45.32,OTTAWA INTL A,6106001,2020-06-19,2020,6,19,31.5,17.0,24.3,0.0,6.3,0.0,0.0,0.0
171,-75.67,45.32,OTTAWA INTL A,6106001,2020-06-20,2020,6,20,32.4,17.4,24.9,0.0,6.9,0.0,0.0,0.0
172,-75.67,45.32,OTTAWA INTL A,6106001,2020-06-21,2020,6,21,32.5,16.9,24.7,0.0,6.7,0.0,0.0,0.0
173,-75.67,45.32,OTTAWA INTL A,6106001,2020-06-22,2020,6,22,33.5,18.7,26.1,0.0,8.1,0.7,0.0,0.7
174,-75.67,45.32,OTTAWA INTL A,6106001,2020-06-23,2020,6,23,30.8,19.1,25.0,0.0,7.0,6.1,0.0,6.1
175,-75.67,45.32,OTTAWA INTL A,6106001,2020-06-24,2020,6,24,21.7,15.2,18.5,0.0,0.5,0.2,0.0,0.2
176,-75.67,45.32,OTTAWA INTL A,6106001,2020-06-25,2020,6,25,24.7,15.3,20.0,0.0,2.0,0.0,0.0,0.0
177,-75.67,45.32,OTTAWA INTL A,6106001,2020-06-26,2020,6,26,27.1,13.0,20.1,0.0,2.1,0.0,0.0,0.0
178,-75.67,45.32,OTTAWA INTL A,6106001,2020-06-27,2020,6,27,27.9,16.1,22.0,0.0,4.0,0.9,0.0,0.9
179,-75.67,45.32,OTTAWA INTL A,6106001,2020-06-28,2020,6,28,27.5,16.2,21.9,0.0,3.9,13.5,0.0,13.5
180,-75.67,45.32,OTTAWA INTL A,6106001,2020-06-29,2020,6,29,27.8,16.2,22.0,0.0,4.0,6.8,0.0,6.8
181,-75.67,45.32,OTTAWA INTL A,6106001,2020-06-30,2020,6,30,27.2,17.6,22.4,0.0,4.4,0.0,0.0,0.0
182,-75.67,45.32,OTTAWA INTL A,6106001,2020-07-01,2020,7,1,31.1,16.6,23.9,0.0,5.9,0.0,0.0,0.0
183,-75.67,45.32,OTTAWA INTL A,6106001,2020-07-02,2020,7,2,30.8,19.9,25.4,0.0,7.4,0.5,0.0,0.5
184,-75.67,45.32,OTTAWA INTL A,6106001,2020-07-03,2020,7,3,31.2,19.0,25.1,0.0,7.1,0.0,0.0,0.0
185,-75.67,45.32,OTTAWA INTL A,6106001,2020-07-04,2020,7,4,30.2,15.5,22.9,0.0,4.9,0.0,0.0,0.0
186,-75.67,45.32,OTTAWA INTL A,6106001,2020-07-05,2020,7,5,30.2,13.7,22.0,0.0,4.0,0.3,0.0,0.3
187,-75.67,45.32,OTTAWA INTL A,6106001,2020-07-06,2020,7,6,30.7,14.7,22.7,0.0,4.7,0.0,0.0,0.0
188,-75.67,45.32,OTTAWA INTL A,6106001,2020-07-07,2020,7,7,34.4,15.3,24.9,0.0,6.9,0.0,0.0,0.0
189,-75.67,45.32,OTTAWA INTL A,6106001,2020-07-08,2020,7,8,33.7,19.6,26.7,0.0,8.7,0.0,0.0,0.0
190,-75.67,45.32,OTTAWA INTL A,6106001,2020-07-09,2020,7,9,35.8,19.4,27.6,0.0,9.6,0.0,0.0,0.0
191,-75.67,45.32,OTTAWA INTL A,6106001,2020-07-10,2020,7,10,36.9,20.9,28.9,0.0,10.9,0.0,0.0,0.0
192,-75.67,45.32,OTTAWA INTL A,6106001,2020-07-11,2020,7,11,27.7,20.5,24.1,0.0,6.1,5.6,0.0,5.6
193,-75.67,45.32,OTTAWA INTL A,6106001,2020-07-12,2020,7,12,27.6,17.9,22.8,0.0,4.8,0.4,0.0,0.4
194,-75.67,45.32,OTTAWA INTL A,6106001,2020-07-13,2020,7,13,27.4,16.8,22.1,0.0,4.1,0.0,0.0,0.0
195,-75.67,45.32,OTTAWA INTL A,6106001,2020-07-14,2020,7,14,29.4,16.6,23.0,0.0,5.0,0.0,0.0,0.0
196,-75.67,45.32,OTTAWA INTL A,6106001,2020-07-15,2020,7,15,28.4,13.9,21.2,0.0,3.2,0.0,0.0,0.0
197,-75.67,45.32,OTTAWA INTL A,6106001,2020-07-16,2020,7,16,27.7,17.0,22.4,0.0,4.4,0.0,0.0,0.0
198,-75.67,45.32,OTTAWA INTL A,6106001,2020-07-17,2020,7,17,31.8,20.1,26.0,0.0,8.0,2.5,0.0,2.5
199,-75.67,45.32,OTTAWA INTL A,6106001,2020-07-18,2020,7,18,32.5,16.2,24.4,0.0,6.4,0.0,0.0,0.0
200,-75.67,45.32,OTTAWA INTL A,6106001,2020-07-19,2020,7,19,31.6,21.1,26.4,0.0,8.4,14.8,0.0,14.8
201,-75.67,45.32,OTTAWA INTL A,6106001,2020-07-20,2020,7,20,29.7,19.8,24.8,0.0,6.8,0.0,0.0,0.0
202,-75.67,45.32,OTTAWA INTL A,6106001,2020-07-21,2020,7,21,26.5,16.1,21.3,0.0,3.3,0.0,0.0,0.0
203,-75.67,45.32,OTTAWA INTL A,6106001,2020-07-22,2020,7,22,26.4,15.6,21.0,0.0,3.0,2.7,0.0,2.7
204,-75.67,45.32,OTTAWA INTL A,6106001,2020-07-23,2020,7,23,27.4,16.0,21.7,0.0,3.7,0.0,0.0,0.0
205,-75.67,45.32,OTTAWA INTL A,6106001,2020-07-24,2020,7,24,30.8,14.6,22.7,0.0,4.7,0.0,0.0,0.0
206,-75.67,45.32,OTTAWA INTL A,6106001,2020-07-25,2020,7,25,32.4,14.6,23.5,0.0,5.5,0.0,0.0,0.0
207,-75.67,45.32,OTTAWA INTL A,6106001,2020-07-26,2020,7,26,35.5,21.1,28.3,0.0,10.3,0.0,0.0,0.0
208,-75.67,45.32,OTTAWA INTL A,6106001,2020-07-27,2020,7,27,31.6,23.2,27.4,0.0,9.4,6.3,0.0,6.3
209,-75.67,45.32,OTTAWA INTL A,6106001,2020-07-28,2020,7,28,30.5,18.0,24.3,0.0,6.3,0.0,0.0,0.0
210,-75.67,45.32,OTTAWA INTL A,6106001,2020-07-29,2020,7,29,28.3,16.9,22.6,0.0,4.6,20.2,0.0,20.2
211,-75.67,45.32,OTTAWA INTL A,6106001,2020-07-30,2020,7,30,28.0,14.9,21.5,0.0,3.5,0.7,0.0,0.7
212,-75.67,45.32,OTTAWA INTL A,6106001,2020-07-31,2020,7,31,29.6,14.8,22.2,0.0,4.2,0.0,0.0,0.0
213,-75.67,45.32,OTTAWA INTL A,6106001,2020-08-01,2020,8,1,30.5,15.7,23.1,0.0,5.1,0.0,0.0,0.0
214,-75.67,45.32,OTTAWA INTL A,6106001,2020-08-02,2020,8,2,23.9,18.8,21.4,0.0,3.4,22.2,0.0,22.2
215,-75.67,45.32,OTTAWA INTL A,6106001,2020-08-03,2020,8,3,25.1,16.5,20.8,0.0,2.8,2.5,0.0,2.5
216,-75.67,45.32,OTTAWA INTL A,6106001,2020-08-04,2020,8,4,21.0,16.9,19.0,0.0,1.0,16.5,0.0,16.5
217,-75.67,45.32,OTTAWA INTL A,6106001,2020-08-05,2020,8,5,23.5,13.5,18.5,0.0,0.5,1.4,0.0,1.4
218,-75.67,45.32,OTTAWA INTL A,6106001,2020-08-06,2020,8,6,25.3,10.3,17.8,0.2,0.0,0.0,0.0,0.0
219,-75.67,45.32,OTTAWA INTL A,6106001,2020-08-07,2020,8,7,27.4,11.5,19.5,0.0,1.5,0.0,0.0,0.0
220,-75.67,45.32,OTTAWA INTL A,6106001,2020-08-08,2020,8,8,29.2,13.3,21.3,0.0,3.3,0.0,0.0,0.0
221,-75.67,45.32,OTTAWA INTL A,6106001,2020-08-09,2020,8,9,23.8,15.9,19.9,0.0,1.9,0.8,0.0,0.8
222,-75.67,45.32,OTTAWA INTL A,6106001,2020-08-10,2020,8,10,29.3,16.2,22.8,0.0,4.8,0.0,0.0,0.0
223,-75.67,45.32,OTTAWA INTL A,6106001,2020-08-11,2020,8,11,31.9,18.4,25.2,0.0,7.2,0.9,0.0,0.9
224,-75.67,45.32,OTTAWA INTL A,6106001,2020-08-12,2020,8,12,30.0,15.0,22.5,0.0,4.5,0.0,0.0,0.0
225,-75.67,45.32,OTTAWA INTL A,6106001,2020-08-13,2020,8,13,31.1,16.7,23.9,0.0,5.9,0.0,0.0,0.0
226,-75.67,45.32,OTTAWA INTL A,6106001,2020-08-14,2020,8,14,28.1,15.1,21.6,0.0,3.6,0.0,0.0,0.0
227,-75.67,45.32,OTTAWA INTL A,6106001,2020-08-15,2020,8,15,28.8,13.9,21.4,0.0,3.4,0.0,0.0,0.0
228,-75.67,45.32,OTTAWA INTL A,6106001,2020-08-16,2020,8,16,29.3,15.5,22.4,0.0,4.4,19.0,0.0,19.0
229,-75.67,45.32,OTTAWA INTL A,6106001,2020-08-17,2020,8,17,25.6,14.3,20.0,0.0,2.0,8.0,0.0,8.0
230,-75.67,45.32,OTTAWA INTL A,6106001,2020-08-18,2020,8,18,23.1,12.1,17.6,0.4,0.0,0.0,0.0,0.0
231,-75.67,45.32,OTTAWA INTL A,6106001,2020-08-19,2020,8,19,21.9,9.2,15.6,2.4,0.0,0.0,0.0,0.0
232,-75.67,45.32,OTTAWA INTL A,6106001,2020-08-20,2020,8,20,19.6,8.8,14.2,3.8,0.0,1.6,0.0,1.6
233,-75.67,45.32,OTTAWA INTL A,6106001,2020-08-21,2020,8,21,23.8,14.4,19.1,0.0,1.1,0.2,0.0,0.2
234,-75.67,45.32,OTTAWA INTL A,6106001,2020-08-22,2020,8,22,27.1,14.9,21.0,0.0,3.0,0.0,0.0,0.0
235,-75.67,45.32,OTTAWA INTL A,6106001,2020-08-23,2020,8,23,28.7,18.2,23.5,0.0,5.5,8.2,0.0,8.2
236,-75.67,45.32,OTTAWA INTL A,6106001,2020-08-24,2020,8,24,29.0,17.9,23.5,0.0,5.5,16.4,0.0,16.4
237,-75.67,45.32,OTTAWA INTL A,6106001,2020-08-25,2020,8,25,24.2,11.8,18.0,0.0,0.0,0.0,0.0,0.0
238,-75.67,45.32,OTTAWA INTL A,6106001,2020-08-26,2020,8,26,18.8,8.2,13.5,4.5,0.0,0.0,0.0,0.0
239,-75.67,45.32,OTTAWA INTL A,6106001,2020-08-27,2020,8,27,16.2,8.8,12.5,5.5,0.0,4.7,0.0,4.7
240,-75.67,45.32,OTTAWA INTL A,6106001,2020-08-28,2020,8,28,22.4,10.9,16.7,1.3,0.0,0.0,0.0,0.0
241,-75.67,45.32,OTTAWA INTL A,6106001,2020-08-29,2020,8,29,16.4,14.2,15.3,2.7,0.0,32.6,0.0,32.6
242,-75.67,45.32,OTTAWA INTL A,6106001,2020-08-30,2020,8,30,20.6,11.1,15.9,2.1,0.0,0.0,0.0,0.0
243,-75.67,45.32,OTTAWA INTL A,6106001,2020-08-31,2020,8,31,21.8,8.9,15.4,2.6,0.0,0.0,0.0,0.0
244,-75.67,45.32,OTTAWA INTL A,6106001,2020-09-01,2020,9,1,25.0,12.4,18.7,0.0,0.7,0.0,0.0,0.0
245,-75.67,45.32,OTTAWA INTL A,6106001,2020-09-02,2020,9,2,26.4,14.9,20.7,0.0,2.7,9.8,0.0,9.8
246,-75.67,45.32,OTTAWA INTL A,6106001,2020-09-03,2020,9,3,24.1,12.1,18.1,0.0,0.1,1.2,0.0,1.2
247,-75.67,45.32,OTTAWA INTL A,6106001,2020-09-04,2020,9,4,20.9,9.8,15.4,2.6,0.0,0.2,0.0,0.2
248,-75.67,45.32,OTTAWA INTL A,6106001,2020-09-05,2020,9,5,21.4,8.8,15.1,2.9,0.0,0.9,0.0,0.9
249,-75.67,45.32,OTTAWA INTL A,6106001,2020-09-06,2020,9,6,20.2,7.2,13.7,4.3,0.0,0.0,0.0,0.0
250,-75.67,45.32,OTTAWA INTL A,6106001,2020-09-07,2020,9,7,25.0,11.6,18.3,0.0,0.3,4.5,0.0,4.5
251,-75.67,45.32,OTTAWA INTL A,6106001,2020-09-08,2020,9,8,18.2,9.2,13.7,4.3,0.0,0.5,0.0,0.5
252,-75.67,45.32,OTTAWA INTL A,6106001,2020-09-09,2020,9,9,16.2,11.5,13.9,4.1,0.0,3.0,0.0,3.0
253,-75.67,45.32,OTTAWA INTL A,6106001,2020-09-10,2020,9,10,15.1,10.3,12.7,5.3,0.0,0.0,0.0,0.0
254,-75.67,45.32,OTTAWA INTL A,6106001,2020-09-11,2020,9,11,17.6,4.8,11.2,6.8,0.0,0.0,0.0,0.0
255,-75.67,45.32,OTTAWA INTL A,6106001,2020-09-12,2020,9,12,21.1,4.6,12.9,5.1,0.0,0.0,0.0,0.0
256,-75.67,45.32,OTTAWA INTL A,6106001,2020-09-13,2020,9,13,21.3,13.5,17.4,0.6,0.0,7.1,0.0,7.1
257,-75.67,45.32,OTTAWA INTL A,6106001,2020-09-14,2020,9,14,15.0,3.5,9.3,8.7,0.0,0.0,0.0,0.0
258,-75.67,45.32,OTTAWA INTL A,6106001,2020-09-15,2020,9,15,14.8,2.1,8.5,9.5,0.0,0.0,0.0,0.0
259,-75.67,45.32,OTTAWA INTL A,6106001,2020-09-16,2020,9,16,,,,,,,,
260,-75.67,45.32,OTTAWA INTL A,6106001,2020-09-17,2020,9,17,14.7,2.3,8.5,9.5,0.0,0.0,0.0,0.0
261,-75.67,45.32,OTTAWA INTL A,6106001,2020-09-18,2020,9,18,14.2,2.5,8.4,9.6,0.0,0.0,0.0,0.0
262,-75.67,45.32,OTTAWA INTL A,6106001,2020-09-19,2020,9,19,13.7,-0.4,6.7,11.3,0.0,0.0,0.0,0.0
263,-75.67,45.32,OTTAWA INTL A,6106001,2020-09-20,2020,9,20,15.1,2.0,8.6,9.4,0.0,0.0,0.0,0.0
264,-75.67,45.32,OTTAWA INTL A,6106001,2020-09-21,2020,9,21,17.8,0.1,9.0,9.0,0.0,0.0,0.0,0.0
265,-75.67,45.32,OTTAWA INTL A,6106001,2020-09-22,2020,9,22,19.3,1.3,10.3,7.7,0.0,0.6,0.0,0.6
266,-75.67,45.32,OTTAWA INTL A,6106001,2020-09-23,2020,9,23,23.6,8.5,16.1,1.9,0.0,0.0,0.0,0.0
267,-75.67,45.32,OTTAWA INTL A,6106001,2020-09-24,2020,9,24,17.8,9.5,13.7,4.3,0.0,1.9,0.0,1.9
268,-75.67,45.32,OTTAWA INTL A,6106001,2020-09-25,2020,9,25,18.3,8.1,13.2,4.8,0.0,0.0,0.0,0.0
269,-75.67,45.32,OTTAWA INTL A,6106001,2020-09-26,2020,9,26,26.6,6.6,16.6,1.4,0.0,0.0,0.0,0.0
270,-75.67,45.32,OTTAWA INTL A,6106001,2020-09-27,2020,9,27,26.0,15.8,20.9,0.0,2.9,0.0,0.0,0.0
271,-75.67,45.32,OTTAWA INTL A,6106001,2020-09-28,2020,9,28,27.0,13.5,20.3,0.0,2.3,0.0,0.0,0.0
272,-75.67,45.32,OTTAWA INTL A,6106001,2020-09-29,2020,9,29,21.1,12.5,16.8,1.2,0.0,9.5,0.0,9.5
273,-75.67,45.32,OTTAWA INTL A,6106001,2020-09-30,2020,9,30,16.4,10.1,13.3,4.7,0.0,12.8,0.0,12.8
274,-75.67,45.32,OTTAWA INTL A,6106001,2020-10-01,2020,10,1,17.6,8.1,12.9,5.1,0.0,0.0,0.0,0.0
275,-75.67,45.32,OTTAWA INTL A,6106001,2020-10-02,2020,10,2,11.5,3.7,7.6,10.4,0.0,7.2,0.0,7.2
276,-75.67,45.32,OTTAWA INTL A,6106001,2020-10-03,2020,10,3,12.3,3.6,8.0,10.0,0.0,0.0,0.0,0.0
277,-75.67,45.32,OTTAWA INTL A,6106001,2020-10-04,2020,10,4,14.4,4.6,9.5,8.5,0.0,2.8,0.0,2.8
278,-75.67,45.32,OTTAWA INTL A,6106001,2020-10-05,2020,10,5,12.2,6.4,9.3,8.7,0.0,2.8,0.0,2.8
279,-75.67,45.32,OTTAWA INTL A,6106001,2020-10-06,2020,10,6,16.4,5.5,11.0,7.0,0.0,0.0,0.0,0.0
280,-75.67,45.32,OTTAWA INTL A,6106001,2020-10-07,2020,10,7,16.7,6.3,11.5,6.5,0.0,6.0,0.0,6.0
281,-75.67,45.32,OTTAWA INTL A,6106001,2020-10-08,2020,10,8,9.8,0.4,5.1,12.9,0.0,0.0,0.0,0.0
282,-75.67,45.32,OTTAWA INTL A,6106001,2020-10-09,2020,10,9,15.5,-1.0,7.3,10.7,0.0,0.0,0.0,0.0
283,-75.67,45.32,OTTAWA INTL A,6106001,2020-10-10,2020,10,10,22.8,6.3,14.6,3.4,0.0,0.5,0.0,0.5
284,-75.67,45.32,OTTAWA INTL A,6106001,2020-10-11,2020,10,11,10.8,1.2,6.0,12.0,0.0,0.0,0.0,0.0
285,-75.67,45.32,OTTAWA INTL A,6106001,2020-10-12,2020,10,12,13.9,0.7,7.3,10.7,0.0,0.0,0.0,0.0
286,-75.67,45.32,OTTAWA INTL A,6106001,2020-10-13,2020,10,13,12.6,6.5,9.6,8.4,0.0,12.6,0.0,12.6
287,-75.67,45.32,OTTAWA INTL A,6106001,2020-10-14,2020,10,14,16.5,3.5,10.0,8.0,0.0,0.0,0.0,0.0
288,-75.67,45.32,OTTAWA INTL A,6106001,2020-10-15,2020,10,15,19.8,7.5,13.7,4.3,0.0,14.2,0.0,14.2
289,-75.67,45.32,OTTAWA INTL A,6106001,2020-10-16,2020,10,16,10.2,-0.7,4.8,13.2,0.0,6.2,0.0,6.2
290,-75.67,45.32,OTTAWA INTL A,6106001,2020-10-17,2020,10,17,14.1,-1.0,6.6,11.4,0.0,0.0,0.0,0.0
291,-75.67,45.32,OTTAWA INTL A,6106001,2020-10-18,2020,10,18,14.3,2.4,8.4,9.6,0.0,0.0,0.0,0.0
292,-75.67,45.32,OTTAWA INTL A,6106001,2020-10-19,2020,10,19,13.5,4.5,9.0,9.0,0.0,10.7,0.0,10.7
293,-75.67,45.32,OTTAWA INTL A,6106001,2020-10-20,2020,10,20,9.6,1.9,5.8,12.2,0.0,4.9,0.0,4.9
294,-75.67,45.32,OTTAWA INTL A,6106001,2020-10-21,2020,10,21,16.0,3.5,9.8,8.2,0.0,11.7,0.0,11.7
295,-75.67,45.32,OTTAWA INTL A,6106001,2020-10-22,2020,10,22,11.4,3.0,7.2,10.8,0.0,0.0,0.0,0.0
296,-75.67,45.32,OTTAWA INTL A,6106001,2020-10-23,2020,10,23,24.8,8.8,16.8,1.2,0.0,0.0,0.0,0.0
297,-75.67,45.32,OTTAWA INTL A,6106001,2020-10-24,2020,10,24,18.4,0.9,9.7,8.3,0.0,2.2,0.0,2.2
298,-75.67,45.32,OTTAWA INTL A,6106001,2020-10-25,2020,10,25,5.7,-1.7,2.0,16.0,0.0,0.0,0.0,0.0
299,-75.67,45.32,OTTAWA INTL A,6106001,2020-10-26,2020,10,26,3.1,0.4,1.8,16.2,0.0,7.0,0.2,7.2
300,-75.67,45.32,OTTAWA INTL A,6106001,2020-10-27,2020,10,27,2.7,-2.3,0.2,17.8,0.0,0.0,0.0,0.0
301,-75.67,45.32,OTTAWA INTL A,6106001,2020-10-28,2020,10,28,9.4,-1.1,4.2,13.8,0.0,0.4,0.0,0.4
302,-75.67,45.32,OTTAWA INTL A,6106001,2020-10-29,2020,10,29,6.0,-1.3,2.4,15.6,0.0,0.0,0.0,0.0
303,-75.67,45.32,OTTAWA INTL A,6106001,2020-10-30,2020,10,30,3.9,-4.9,-0.5,18.5,0.0,0.0,0.0,0.0
304,-75.67,45.32,OTTAWA INTL A,6106001,2020-10-31,2020,10,31,6.5,-8.4,-1.0,19.0,0.0,0.0,0.0,0.0
305,-75.67,45.32,OTTAWA INTL A,6106001,2020-11-01,2020,11,1,7.8,-0.7,3.6,14.4,0.0,2.2,0.0,2.2
306,-75.67,45.32,OTTAWA INTL A,6106001,2020-11-02,2020,11,2,2.0,-2.5,-0.3,18.3,0.0,0.0,3.7,2.4
307,-75.67,45.32,OTTAWA INTL A,6106001,2020-11-03,2020,11,3,0.3,-4.1,-1.9,19.9,0.0,0.0,0.0,0.0
308,-75.67,45.32,OTTAWA INTL A,6106001,2020-11-04,2020,11,4,13.8,-3.0,5.4,12.6,0.0,0.0,0.0,0.0
309,-75.67,45.32,OTTAWA INTL A,6106001,2020-11-05,2020,11,5,19.3,-1.2,9.1,8.9,0.0,0.0,0.0,0.0
310,-75.67,45.32,OTTAWA INTL A,6106001,2020-11-06,2020,11,6,18.4,7.6,13.0,5.0,0.0,0.0,0.0,0.0
311,-75.67,45.32,OTTAWA INTL A,6106001,2020-11-07,2020,11,7,20.7,8.6,14.7,3.3,0.0,0.0,0.0,0.0
312,-75.67,45.32,OTTAWA INTL A,6106001,2020-11-08,2020,11,8,21.5,6.4,14.0,4.0,0.0,0.0,0.0,0.0
313,-75.67,45.32,OTTAWA INTL A,6106001,2020-11-09,2020,11,9,22.5,6.2,14.4,3.6,0.0,0.0,0.0,0.0
314,-75.67,45.32,OTTAWA INTL A,6106001,2020-11-10,2020,11,10,23.4,9.0,16.2,1.8,0.0,0.0,0.0,0.0
315,-75.67,45.32,OTTAWA INTL A,6106001,2020-11-11,2020,11,11,19.6,2.3,11.0,7.0,0.0,0.6,0.0,0.6
316,-75.67,45.32,OTTAWA INTL A,6106001,2020-11-12,2020,11,12,7.7,-3.3,2.2,15.8,0.0,0.0,0.0,0.0
317,-75.67,45.32,OTTAWA INTL A,6106001,2020-11-13,2020,11,13,6.0,-4.4,0.8,17.2,0.0,0.0,0.0,0.0
318,-75.67,45.32,OTTAWA INTL A,6106001,2020-11-14,2020,11,14,4.8,-5.5,-0.4,18.4,0.0,0.0,0.0,0.0
319,-75.67,45.32,OTTAWA INTL A,6106001,2020-11-15,2020,11,15,8.8,-4.9,2.0,16.0,0.0,2.7,0.0,2.7
320,-75.67,45.32,OTTAWA INTL A,6106001,2020-11-16,2020,11,16,7.8,1.0,4.4,13.6,0.0,0.0,0.0,0.0
321,-75.67,45.32,OTTAWA INTL A,6106001,2020-11-17,2020,11,17,2.2,-8.3,-3.1,21.1,0.0,0.0,0.0,0.0
322,-75.67,45.32,OTTAWA INTL A,6106001,2020-11-18,2020,11,18,-2.9,-9.5,-6.2,24.2,0.0,0.0,0.0,0.0
323,-75.67,45.32,OTTAWA INTL A,6106001,2020-11-19,2020,11,19,8.2,-6.2,1.0,17.0,0.0,0.0,0.0,0.0
324,-75.67,45.32,OTTAWA INTL A,6106001,2020-11-20,2020,11,20,15.1,6.2,10.7,7.3,0.0,0.0,0.0,0.0
325,-75.67,45.32,OTTAWA INTL A,6106001,2020-11-21,2020,11,21,7.2,-6.2,0.5,17.5,0.0,0.0,0.0,0.0
326,-75.67,45.32,OTTAWA INTL A,6106001,2020-11-22,2020,11,22,0.1,-6.9,-3.4,21.4,0.0,5.2,7.8,12.2
327,-75.67,45.32,OTTAWA INTL A,6106001,2020-11-23,2020,11,23,0.6,-1.7,-0.6,18.6,0.0,2.8,1.4,5.2
328,-75.67,45.32,OTTAWA INTL A,6106001,2020-11-24,2020,11,24,-1.0,-11.6,-6.3,24.3,0.0,0.0,0.0,0.0
329,-75.67,45.32,OTTAWA INTL A,6106001,2020-11-25,2020,11,25,-0.5,-6.3,-3.4,21.4,0.0,0.5,10.4,7.5
330,-75.67,45.32,OTTAWA INTL A,6106001,2020-11-26,2020,11,26,1.8,-0.3,0.8,17.2,0.0,1.8,0.0,1.8
331,-75.67,45.32,OTTAWA INTL A,6106001,2020-11-27,2020,11,27,4.3,1.6,3.0,15.0,0.0,0.0,0.0,0.0
332,-75.67,45.32,OTTAWA INTL A,6106001,2020-11-28,2020,11,28,4.6,0.8,2.7,15.3,0.0,0.0,0.0,0.0
333,-75.67,45.32,OTTAWA INTL A,6106001,2020-11-29,2020,11,29,7.6,0.5,4.1,13.9,0.0,0.0,0.0,0.0
334,-75.67,45.32,OTTAWA INTL A,6106001,2020-11-30,2020,11,30,4.4,-0.3,2.1,15.9,0.0,12.3,0.0,12.3
335,-75.67,45.32,OTTAWA INTL A,6106001,2020-12-01,2020,12,1,5.3,0.8,3.1,14.9,0.0,6.1,0.0,6.1
336,-75.67,45.32,OTTAWA INTL A,6106001,2020-12-02,2020,12,2,1.3,-5.2,-2.0,20.0,0.0,0.4,2.0,2.0
337,-75.67,45.32,OTTAWA INTL A,6106001,2020-12-03,2020,12,3,3.4,-5.2,-0.9,18.9,0.0,0.0,0.0,0.0
338,-75.67,45.32,OTTAWA INTL A,6106001,2020-12-04,2020,12,4,3.0,0.0,1.5,16.5,0.0,3.9,0.2,4.3
339,-75.67,45.32,OTTAWA INTL A,6106001,2020-12-05,2020,12,5,1.1,-4.6,-1.8,19.8,0.0,0.0,0.0,0.0
340,-75.67,45.32,OTTAWA INTL A,6106001,2020-12-06,2020,12,6,-1.6,-5.6,-3.6,21.6,0.0,0.0,0.0,0.0
341,-75.67,45.32,OTTAWA INTL A,6106001,2020-12-07,2020,12,7,-2.8,-7.4,-5.1,23.1,0.0,0.0,0.0,0.0
342,-75.67,45.32,OTTAWA INTL A,6106001,2020-12-08,2020,12,8,-5.0,-9.2,-7.1,25.1,0.0,0.0,0.0,0.0
343,-75.67,45.32,OTTAWA INTL A,6106001,2020-12-09,2020,12,9,1.3,-6.2,-2.5,20.5,0.0,0.3,3.0,2.1
344,-75.67,45.32,OTTAWA INTL A,6106001,2020-12-10,2020,12,10,1.4,-1.2,0.1,17.9,0.0,0.0,0.0,0.0
345,-75.67,45.32,OTTAWA INTL A,6106001,2020-12-11,2020,12,11,4.2,-1.0,1.6,16.4,0.0,0.0,0.0,0.0
346,-75.67,45.32,OTTAWA INTL A,6106001,2020-12-12,2020,12,12,2.0,0.0,1.0,17.0,0.0,3.0,0.0,3.0
347,-75.67,45.32,OTTAWA INTL A,6106001,2020-12-13,2020,12,13,6.7,-4.0,1.4,16.6,0.0,0.0,0.0,0.0
348,-75.67,45.32,OTTAWA INTL A,6106001,2020-12-14,2020,12,14,-1.6,-5.7,-3.7,21.7,0.0,0.0,1.0,0.4
349,-75.67,45.32,OTTAWA INTL A,6106001,2020-12-15,2020,12,15,-5.8,-16.9,-11.4,29.4,0.0,0.0,0.0,0.0
350,-75.67,45.32,OTTAWA INTL A,6106001,2020-12-16,2020,12,16,-13.3,-18.4,-15.9,33.9,0.0,0.0,0.0,0.0
351,-75.67,45.32,OTTAWA INTL A,6106001,2020-12-17,2020,12,17,-5.8,-14.0,-9.9,27.9,0.0,0.0,0.0,0.0
352,-75.67,45.32,OTTAWA INTL A,6106001,2020-12-18,2020,12,18,-5.3,-15.7,-10.5,28.5,0.0,0.0,0.0,0.0
353,-75.67,45.32,OTTAWA INTL A,6106001,2020-12-19,2020,12,19,-3.6,-13.3,-8.5,26.5,0.0,0.0,0.0,0.0
354,-75.67,45.32,OTTAWA INTL A,6106001,2020-12-20,2020,12,20,1.0,-3.8,-1.4,19.4,0.0,0.0,3.2,1.8
355,-75.67,45.32,OTTAWA INTL A,6106001,2020-12-21,2020,12,21,3.4,0.1,1.8,16.2,0.0,0.2,0.2,0.8
356,-75.67,45.32,OTTAWA INTL A,6106001,2020-12-22,2020,12,22,1.8,-8.6,-3.4,21.4,0.0,0.0,0.2,0.2
357,-75.67,45.32,OTTAWA INTL A,6106001,2020-12-23,2020,12,23,-3.0,-11.0,-7.0,25.0,0.0,0.0,0.6,0.4
358,-75.67,45.32,OTTAWA INTL A,6106001,2020-12-24,2020,12,24,8.8,-3.2,2.8,15.2,0.0,25.7,0.0,25.7
359,-75.67,45.32,OTTAWA INTL A,6106001,2020-12-25,2020,12,25,5.9,-3.4,1.3,16.7,0.0,25.4,0.0,25.4
360,-75.67,45.32,OTTAWA INTL A,6106001,2020-12-26,2020,12,26,-2.6,-9.6,-6.1,24.1,0.0,0.0,0.4,0.4
361,-75.67,45.32,OTTAWA INTL A,6106001,2020-12-27,2020,12,27,-3.6,-10.1,-6.9,24.9,0.0,0.0,0.0,0.0
362,-75.67,45.32,OTTAWA INTL A,6106001,2020-12-28,2020,12,28,,,,,,0.0,2.2,1.4
363,-75.67,45.32,OTTAWA INTL A,6106001,2020-12-29,2020,12,29,-6.8,-11.8,-9.3,27.3,0.0,0.0,0.0,0.0
364,-75.67,45.32,OTTAWA INTL A,6106001,2020-12-30,2020,12,30,3.2,-8.9,-2.9,20.9,0.0,1.3,4.8,4.5
365,-75.67,45.32,OTTAWA INTL A,6106001,2020-12-31,2020,12,31,2.3,-5.6,-1.7,19.7,0.0,0.0,0.0,0.0
366,-79.47,43.78,TORONTO NORTH YORK,615S001,2020-01-01,2020,1,1,3.0,-2.5,0.3,17.7,0.0,0.0,0.0,0.0
367,-79.47,43.78,TORONTO NORTH YORK,615S001,2020-01-02,2020,1,2,6.5,-3.5,1.5,16.5,0.0,0.0,0.0,0.0
368,-79.47,43.78,TORONTO NORTH YORK,615S001,2020-01-03,2020,1,3,7.0,3.0,5.0,13.0,0.0,0.0,4.0,1.6
369,-79.47,43.78,TORONTO NORTH YORK,615S001,2020-01-04,2020,1,4,2.5,-0.5,1.0,17.0,0.0,0.0,0.6,1.4
370,-79.47,43.78,TORONTO NORTH YORK,615S001,2020-01-05,2020,1,5,1.5,-3.5,-1.0,19.0,0.0,0.0,5.4,4.8
371,-79.47,43.78,TORONTO NORTH YORK,615S001,2020-01-06,2020,1,6,2.0,-2.0,0.0,18.0,0.0,0.0,0.0,0.0
372,-79.47,43.78,TORONTO NORTH YORK,615S001,2020-01-07,2020,1,7,4.0,-7.5,-1.8,19.8,0.0,0.0,0.8,0.6
373,-79.47,43.78,TORONTO NORTH YORK,615S001,2020-01-08,2020,1,8,-3.5,-7.0,-5.3,23.3,0.0,0.0,0.0,0.0
374,-79.47,43.78,TORONTO NORTH YORK,615S001,2020-01-09,2020,1,9,6.5,-13.0,-3.3,21.3,0.0,0.0,0.0,0.0
375,-79.47,43.78,TORONTO NORTH YORK,615S001,2020-01-10,2020,1,10,9.5,-4.0,2.8,15.2,0.0,13.8,0.0,13.8
376,-79.47,43.78,TORONTO NORTH YORK,615S001,2020-01-11,2020,1,11,12.0,2.5,7.3,10.7,0.0,73.0,0.2,73.0
377,-79.47,43.78,TORONTO NORTH YORK,615S001,2020-01-12,2020,1,12,-3.0,-7.0,-5.0,23.0,0.0,0.0,0.0,0.0
378,-79.47,43.78,TORONTO NORTH YORK,615S001,2020-01-13,2020,1,13,1.5,-6.0,-2.3,20.3,0.0,0.0,0.0,0.0
379,-79.47,43.78,TORONTO NORTH YORK,615S001,2020-01-14,2020,1,14,3.0,-1.0,1.0,17.0,0.0,0.0,0.0,0.0
380,-79.47,43.78,TORONTO NORTH YORK,615S001,2020-01-15,2020,1,15,4.0,-0.5,1.8,16.2,0.0,0.0,0.0,0.0
381,-79.47,43.78,TORONTO NORTH YORK,615S001,2020-01-16,2020,1,16,3.0,-1.0,1.0,17.0,0.0,0.0,0.4,0.8
382,-79.47,43.78,TORONTO NORTH YORK,615S001,2020-01-17,2020,1,17,-5.5,-15.5,-10.5,28.5,0.0,0.0,0.0,0.0
383,-79.47,43.78,TORONTO NORTH YORK,615S001,2020-01-18,2020,1,18,2.0,-10.0,-4.0,22.0,0.0,0.0,17.0,17.6
384,-79.47,43.78,TORONTO NORTH YORK,615S001,2020-01-19,2020,1,19,-3.0,-8.0,-5.5,23.5,0.0,0.0,0.0,0.0
385,-79.47,43.78,TORONTO NORTH YORK,615S001,2020-01-20,2020,1,20,-4.0,-17.0,-10.5,28.5,0.0,0.0,0.0,0.0
386,-79.47,43.78,TORONTO NORTH YORK,615S001,2020-01-21,2020,1,21,-2.0,-15.0,-8.5,26.5,0.0,0.0,0.0,0.0
387,-79.47,43.78,TORONTO NORTH YORK,615S001,2020-01-22,2020,1,22,1.5,-7.5,-3.0,21.0,0.0,0.0,0.0,0.0
388,-79.47,43.78,TORONTO NORTH YORK,615S001,2020-01-23,2020,1,23,4.0,-9.5,-2.8,20.8,0.0,0.0,0.0,0.0
389,-79.47,43.78,TORONTO NORTH YORK,615S001,2020-01-24,2020,1,24,4.5,-2.0,1.3,16.7,0.0,27.0,0.0,27.0
390,-79.47,43.78,TORONTO NORTH YORK,615S001,2020-01-25,2020,1,25,3.0,1.0,2.0,16.0,0.0,1.0,0.0,1.2
391,-79.47,43.78,TORONTO NORTH YORK,615S001,2020-01-26,2020,1,26,3.5,0.0,1.8,16.2,0.0,2.6,0.0,2.6
392,-79.47,43.78,TORONTO NORTH YORK,615S001,2020-01-27,2020,1,27,2.0,-0.5,0.8,17.2,0.0,0.0,0.0,0.0
393,-79.47,43.78,TORONTO NORTH YORK,615S001,2020-01-28,2020,1,28,1.5,-1.5,0.0,18.0,0.0,0.0,0.0,0.0
394,-79.47,43.78,TORONTO NORTH YORK,615S001,2020-01-29,2020,1,29,-2.0,-8.0,-5.0,23.0,0.0,0.0,0.0,0.0
395,-79.47,43.78,TORONTO NORTH YORK,615S001,2020-01-30,2020,1,30,-2.5,-9.0,-5.8,23.8,0.0,0.0,0.0,0.0
396,-79.47,43.78,TORONTO NORTH YORK,615S001,2020-01-31,2020,1,31,-0.5,-6.0,-3.3,21.3,0.0,0.0,1.0,1.0
397,-79.47,43.78,TORONTO NORTH YORK,615S001,2020-02-01,2020,2,1,0.5,-5.0,-2.3,20.3,0.0,0.0,2.0,1.4
398,-79.47,43.78,TORONTO NORTH YORK,615S001,2020-02-02,2020,2,2,3.0,-2.0,0.5,17.5,0.0,1.6,3.2,5.8
399,-79.47,43.78,TORONTO NORTH YORK,615S001,2020-02-03,2020,2,3,5.0,-0.5,2.3,15.7,0.0,0.0,0.0,0.0
400,-79.47,43.78,TORONTO NORTH YORK,615S001,2020-02-04,2020,2,4,2.0,-2.0,0.0,18.0,0.0,0.0,0.0,0.0
401,-79.47,43.78,TORONTO NORTH YORK,615S001,2020-02-05,2020,2,5,-3.0,-9.0,-6.0,24.0,0.0,0.0,3.2,4.6
402,-79.47,43.78,TORONTO NORTH YORK,615S001,2020-02-06,2020,2,6,-3.0,-6.0,-4.5,22.5,0.0,0.0,3.8,5.2
403,-79.47,43.78,TORONTO NORTH YORK,615S001,2020-02-07,2020,2,7,-4.0,-6.0,-5.0,23.0,0.0,0.0,0.2,0.2
404,-79.47,43.78,TORONTO NORTH YORK,615S001,2020-02-08,2020,2,8,-6.5,-15.5,-11.0,29.0,0.0,0.0,0.0,0.0
405,-79.47,43.78,TORONTO NORTH YORK,615S001,2020-02-09,2020,2,9,2.0,-14.5,-6.3,24.3,0.0,0.0,8.6,8.2
406,-79.47,43.78,TORONTO NORTH YORK,615S001,2020-02-10,2020,2,10,4.5,-1.0,1.8,16.2,0.0,0.0,0.0,0.0
407,-79.47,43.78,TORONTO NORTH YORK,615S001,2020-02-11,2020,2,11,2.5,-1.0,0.8,17.2,0.0,0.0,0.0,0.0
408,-79.47,43.78,TORONTO NORTH YORK,615S001,2020-02-12,2020,2,12,2.0,-4.0,-1.0,19.0,0.0,0.0,4.4,1.6
409,-79.47,43.78,TORONTO NORTH YORK,615S001,2020-02-13,2020,2,13,0.0,-8.0,-4.0,22.0,0.0,0.0,1.4,1.4
410,-79.47,43.78,TORONTO NORTH YORK,615S001,2020-02-14,2020,2,14,-7.5,-22.0,-14.8,32.8,0.0,0.0,0.0,0.0
411,-79.47,43.78,TORONTO NORTH YORK,615S001,2020-02-15,2020,2,15,0.5,-12.5,-6.0,24.0,0.0,0.0,0.0,0.0
412,-79.47,43.78,TORONTO NORTH YORK,615S001,2020-02-16,2020,2,16,3.5,-4.5,-0.5,18.5,0.0,0.0,0.0,0.0
413,-79.47,43.78,TORONTO NORTH YORK,615S001,2020-02-17,2020,2,17,1.5,-7.5,-3.0,21.0,0.0,0.0,5.0,7.8
414,-79.47,43.78,TORONTO NORTH YORK,615S001,2020-02-18,2020,2,18,5.0,-3.5,0.8,17.2,0.0,0.0,0.0,0.0
415,-79.47,43.78,TORONTO NORTH YORK,615S001,2020-02-19,2020,2,19,-1.0,-3.5,-2.3,20.3,0.0,0.0,0.0,0.0
416,-79.47,43.78,TORONTO NORTH YORK,615S001,2020-02-20,2020,2,20,-4.5,-9.5,-7.0,25.0,0.0,0.0,0.0,0.0
417,-79.47,43.78,TORONTO NORTH YORK,615S001,2020-02-21,2020,2,21,1.0,-11.0,-5.0,23.0,0.0,0.0,0.0,0.0
418,-79.47,43.78,TORONTO NORTH YORK,615S001,2020-02-22,2020,2,22,6.0,-5.0,0.5,17.5,0.0,0.0,0.0,0.0
419,-79.47,43.78,TORONTO NORTH YORK,615S001,2020-02-23,2020,2,23,9.0,-3.0,3.0,15.0,0.0,0.0,0.0,0.0
420,-79.47,43.78,TORONTO NORTH YORK,615S001,2020-02-24,2020,2,24,9.5,0.0,4.8,13.2,0.0,0.6,0.8,1.8
421,-79.47,43.78,TORONTO NORTH YORK,615S001,2020-02-25,2020,2,25,4.5,0.0,2.3,15.7,0.0,0.0,0.4,0.4
422,-79.47,43.78,TORONTO NORTH YORK,615S001,2020-02-26,2020,2,26,-0.5,-2.0,-1.3,19.3,0.0,0.0,14.0,16.2
423,-79.47,43.78,TORONTO NORTH YORK,615S001,2020-02-27,2020,2,27,-3.5,-6.5,-5.0,23.0,0.0,0.0,0.0,0.0
424,-79.47,43.78,TORONTO NORTH YORK,615S001,2020-02-28,2020,2,28,-3.5,-7.0,-5.3,23.3,0.0,0.0,4.0,1.8
425,-79.47,43.78,TORONTO NORTH YORK,615S001,2020-02-29,2020,2,29,-4.0,-15.5,-9.8,27.8,0.0,0.0,0.0,0.0
426,-79.47,43.78,TORONTO NORTH YORK,615S001,2020-03-01,2020,3,1,5.5,-14.0,-4.3,22.3,0.0,0.0,0.0,0.0
427,-79.47,43.78,TORONTO NORTH YORK,615S001,2020-03-02,2020,3,2,6.5,-1.5,2.5,15.5,0.0,1.8,0.0,1.8
428,-79.47,43.78,TORONTO NORTH YORK,615S001,2020-03-03,2020,3,3,4.0,-2.5,0.8,17.2,0.0,10.2,0.0,10.2
429,-79.47,43.78,TORONTO NORTH YORK,615S001,2020-03-04,2020,3,4,6.0,1.0,3.5,14.5,0.0,0.0,0.0,0.0
430,-79.47,43.78,TORONTO NORTH YORK,615S001,2020-03-05,2020,3,5,6.5,-3.0,1.8,16.2,0.0,0.0,0.0,0.0
431,-79.47,43.78,TORONTO NORTH YORK,615S001,2020-03-06,2020,3,6,3.0,-1.5,0.8,17.2,0.0,0.0,1.8,2.2
432,-79.47,43.78,TORONTO NORTH YORK,615S001,2020-03-07,2020,3,7,4.5,-8.0,-1.8,19.8,0.0,0.0,0.0,0.0
433,-79.47,43.78,TORONTO NORTH YORK,615S001,2020-03-08,2020,3,8,13.0,-1.5,5.8,12.2,0.0,0.0,0.0,0.0
434,-79.47,43.78,TORONTO NORTH YORK,615S001,2020-03-09,2020,3,9,17.5,7.0,12.3,5.7,0.0,3.2,0.0,3.2
435,-79.47,43.78,TORONTO NORTH YORK,615S001,2020-03-10,2020,3,10,11.5,1.5,6.5,11.5,0.0,1.6,0.0,1.6
436,-79.47,43.78,TORONTO NORTH YORK,615S001,2020-03-11,2020,3,11,4.0,-5.0,-0.5,18.5,0.0,0.0,0.0,0.0
437,-79.47,43.78,TORONTO NORTH YORK,615S001,2020-03-12,2020,3,12,8.5,-2.0,3.3,14.7,0.0,3.8,0.0,3.8
438,-79.47,43.78,TORONTO NORTH YORK,615S001,2020-03-13,2020,3,13,,,,,,,,
439,-79.47,43.78,TORONTO NORTH YORK,615S001,2020-03-14,2020,3,14,,,,,,,,
440,-79.47,43.78,TORONTO NORTH YORK,615S001,2020-03-15,2020,3,15,4.5,-4.5,0.0,18.0,0.0,0.0,0.0,0.0
441,-79.47,43.78,TORONTO NORTH YORK,615S001,2020-03-16,2020,3,16,4.5,-7.0,-1.3,19.3,0.0,0.4,0.4,0.8
442,-79.47,43.78,TORONTO NORTH YORK,615S001,2020-03-17,2020,3,17,8.5,-0.5,4.0,14.0,0.0,0.0,0.0,0.0
443,-79.47,43.78,TORONTO NORTH YORK,615S001,2020-03-18,2020,3,18,,,,,,,,
444,-79.47,43.78,TORONTO NORTH YORK,615S001,2020-03-19,2020,3,19,16.0,-4.0,6.0,12.0,0.0,2.8,0.0,2.8
445,-79.47,43.78,TORONTO NORTH YORK,615S001,2020-03-20,2020,3,20,18.0,5.0,11.5,6.5,0.0,3.2,0.0,3.2
446,-79.47,43.78,TORONTO NORTH YORK,615S001,2020-03-21,2020,3,21,1.0,-9.0,-4.0,22.0,0.0,0.0,0.0,0.0
447,-79.47,43.78,TORONTO NORTH YORK,615S001,2020-03-22,2020,3,22,2.0,-7.5,-2.8,20.8,0.0,0.0,3.0,2.8
448,-79.47,43.78,TORONTO NORTH YORK,615S001,2020-03-23,2020,3,23,3.5,-2.0,0.8,17.2,0.0,4.4,0.0,4.4
449,-79.47,43.78,TORONTO NORTH YORK,615S001,2020-03-24,2020,3,24,6.5,0.0,3.3,14.7,0.0,0.0,0.0,0.0
450,-79.47,43.78,TORONTO NORTH YORK,615S001,2020-03-25,2020,3,25,11.5,-1.0,5.3,12.7,0.0,0.0,0.0,0.0
451,-79.47,43.78,TORONTO NORTH YORK,615S001,2020-03-26,2020,3,26,,,,,,,,
452,-79.47,43.78,TORONTO NORTH YORK,615S001,2020-03-27,2020,3,27,,,,,,,,
453,-79.47,43.78,TORONTO NORTH YORK,615S001,2020-03-28,2020,3,28,9.0,-0.5,4.3,13.7,0.0,5.2,0.0,5.2
454,-79.47,43.78,TORONTO NORTH YORK,615S001,2020-03-29,2020,3,29,18.0,4.5,11.3,6.7,0.0,11.4,0.0,11.4
455,-79.47,43.78,TORONTO NORTH YORK,615S001,2020-03-30,2020,3,30,8.0,5.5,6.8,11.2,0.0,2.2,0.0,2.2
456,-79.47,43.78,TORONTO NORTH YORK,615S001,2020-03-31,2020,3,31,6.5,4.0,5.3,12.7,0.0,0.6,0.0,0.6
457,-79.47,43.78,TORONTO NORTH YORK,615S001,2020-04-01,2020,4,1,12.0,0.0,6.0,12.0,0.0,0.0,0.0,0.0
458,-79.47,43.78,TORONTO NORTH YORK,615S001,2020-04-02,2020,4,2,14.0,2.0,8.0,10.0,0.0,0.0,0.0,0.0
459,-79.47,43.78,TORONTO NORTH YORK,615S001,2020-04-03,2020,4,3,12.0,1.0,6.5,11.5,0.0,1.0,0.0,1.0
460,-79.47,43.78,TORONTO NORTH YORK,615S001,2020-04-04,2020,4,4,11.5,5.5,8.5,9.5,0.0,0.0,0.0,0.0
461,-79.47,43.78,TORONTO NORTH YORK,615S001,2020-04-05,2020,4,5,10.5,4.5,7.5,10.5,0.0,0.0,0.0,0.0
462,-79.47,43.78,TORONTO NORTH YORK,615S001,2020-04-06,2020,4,6,15.0,-2.5,6.3,11.7,0.0,0.0,0.0,0.0
463,-79.47,43.78,TORONTO NORTH YORK,615S001,2020-04-07,2020,4,7,,,,,,,,
464,-79.47,43.78,TORONTO NORTH YORK,615S001,2020-04-08,2020,4,8,,,,,,,,
465,-79.47,43.78,TORONTO NORTH YORK,615S001,2020-04-09,2020,4,9,,,,,,,,
466,-79.47,43.78,TORONTO NORTH YORK,615S001,2020-04-10,2020,4,10,,,,,,,,
467,-79.47,43.78,TORONTO NORTH YORK,615S001,2020-04-11,2020,4,11,,,,,,,,
468,-79.47,43.78,TORONTO NORTH YORK,615S001,2020-04-12,2020,4,12,15.0,-1.5,6.8,11.2,0.0,12.0,0.0,12.0
469,-79.47,43.78,TORONTO NORTH YORK,615S001,2020-04-13,2020,4,13,,,,,,,,
470,-79.47,43.78,TORONTO NORTH YORK,615S001,2020-04-14,2020,4,14,,,,,,,,
471,-79.47,43.78,TORONTO NORTH YORK,615S001,2020-04-15,2020,4,15,,,,,,,,
472,-79.47,43.78,TORONTO NORTH YORK,615S001,2020-04-16,2020,4,16,,,,,,,,
473,-79.47,43.78,TORONTO NORTH YORK,615S001,2020-04-17,2020,4,17,,,,,,,,
474,-79.47,43.78,TORONTO NORTH YORK,615S001,2020-04-18,2020,4,18,,,,,,,,
475,-79.47,43.78,TORONTO NORTH YORK,615S001,2020-04-19,2020,4,19,,,,,,,,
476,-79.47,43.78,TORONTO NORTH YORK,615S001,2020-04-20,2020,4,20,,,,,,,,
477,-79.47,43.78,TORONTO NORTH YORK,615S001,2020-04-21,2020,4,21,,,,,,,,
478,-79.47,43.78,TORONTO NORTH YORK,615S001,2020-04-22,2020,4,22,,,,,,,,
479,-79.47,43.78,TORONTO NORTH YORK,615S001,2020-04-23,2020,4,23,7.0,-5.5,0.8,17.2,0.0,0.0,0.0,0.0
480,-79.47,43.78,TORONTO NORTH YORK,615S001,2020-04-24,2020,4,24,11.0,3.0,7.0,11.0,0.0,1.2,0.0,1.2
481,-79.47,43.78,TORONTO NORTH YORK,615S001,2020-04-25,2020,4,25,14.5,-2.5,6.0,12.0,0.0,0.0,0.0,0.0
482,-79.47,43.78,TORONTO NORTH YORK,615S001,2020-04-26,2020,4,26,12.0,7.0,9.5,8.5,0.0,2.0,0.0,2.0
483,-79.47,43.78,TORONTO NORTH YORK,615S001,2020-04-27,2020,4,27,,,,,,,,
484,-79.47,43.78,TORONTO NORTH YORK,615S001,2020-04-28,2020,4,28,,,,,,,,
485,-79.47,43.78,TORONTO NORTH YORK,615S001,2020-04-29,2020,4,29,,,,,,,,
486,-79.47,43.78,TORONTO NORTH YORK,615S001,2020-04-30,2020,4,30,,,,,,,,
487,-79.47,43.78,TORONTO NORTH YORK,615S001,2020-05-01,2020,5,1,,,,,,,,
488,-79.47,43.78,TORONTO NORTH YORK,615S001,2020-05-02,2020,5,2,17.0,3.5,10.3,7.7,0.0,0.7,0.0,0.7
489,-79.47,43.78,TORONTO NORTH YORK,615S001,2020-05-03,2020,5,3,,,,,,,,
490,-79.47,43.78,TORONTO NORTH YORK,615S001,2020-05-04,2020,5,4,,,,,,,,
491,-79.47,43.78,TORONTO NORTH YORK,615S001,2020-05-05,2020,5,5,,,,,,,,
492,-79.47,43.78,TORONTO NORTH YORK,615S001,2020-05-06,2020,5,6,,,,,,,,
493,-79.47,43.78,TORONTO NORTH YORK,615S001,2020-05-07,2020,5,7,,,,,,,,
494,-79.47,43.78,TORONTO NORTH YORK,615S001,2020-05-08,2020,5,8,5.5,-1.0,2.3,15.7,0.0,0.0,0.0,0.0
495,-79.47,43.78,TORONTO NORTH YORK,615S001,2020-05-09,2020,5,9,,,,,,,,
496,-79.47,43.78,TORONTO NORTH YORK,615S001,2020-05-10,2020,5,10,8.5,-1.0,3.8,14.2,0.0,5.4,0.0,5.8
497,-79.47,43.78,TORONTO NORTH YORK,615S001,2020-05-11,2020,5,11,8.0,-0.5,3.8,14.2,0.0,0.6,0.0,0.6
498,-79.47,43.78,TORONTO NORTH YORK,615S001,2020-05-12,2020,5,12,8.5,-2.5,3.0,15.0,0.0,0.0,0.0,0.0
499,-79.47,43.78,TORONTO NORTH YORK,615S001,2020-05-13,2020,5,13,,,,,,,,
500,-79.47,43.78,TORONTO NORTH YORK,615S001,2020-05-14,2020,5,14,,,,,,,,
501,-79.47,43.78,TORONTO NORTH YORK,615S001,2020-05-15,2020,5,15,,,,,,,,
502,-79.47,43.78,TORONTO NORTH YORK,615S001,2020-05-16,2020,5,16,19.0,8.0,13.5,4.5,0.0,0.0,0.0,0.0
503,-79.47,43.78,TORONTO NORTH YORK,615S001,2020-05-17,2020,5,17,17.5,6.0,11.8,6.2,0.0,7.6,0.0,7.6
504,-79.47,43.78,TORONTO NORTH YORK,615S001,2020-05-18,2020,5,18,15.0,12.0,13.5,4.5,0.0,18.0,0.0,18.0
505,-79.47,43.78,TORONTO NORTH YORK,615S001,2020-05-19,2020,5,19,18.0,12.5,15.3,2.7,0.0,0.0,0.0,0.0
506,-79.47,43.78,TORONTO NORTH YORK,615S001,2020-05-20,2020,5,20,19.5,7.0,13.3,4.7,0.0,0.0,0.0,0.0
507,-79.47,43.78,TORONTO NORTH YORK,615S001,2020-05-21,2020,5,21,22.5,3.5,13.0,5.0,0.0,0.0,0.0,0.0
508,-79.47,43.78,TORONTO NORTH YORK,615S001,2020-05-22,2020,5,22,26.5,6.0,16.3,1.7,0.0,0.0,0.0,0.0
509,-79.47,43.78,TORONTO NORTH YORK,615S001,2020-05-23,2020,5,23,25.5,10.5,18.0,0.0,0.0,0.0,0.0,0.0
510,-79.47,43.78,TORONTO NORTH YORK,615S001,2020-05-24,2020,5,24,,,,,,,,
511,-79.47,43.78,TORONTO NORTH YORK,615S001,2020-05-25,2020,5,25,,,,,,,,
512,-79.47,43.78,TORONTO NORTH YORK,615S001,2020-05-26,2020,5,26,32.0,15.5,23.8,0.0,5.8,0.0,0.0,0.0
513,-79.47,43.78,TORONTO NORTH YORK,615S001,2020-05-27,2020,5,27,,,,,,,,
514,-79.47,43.78,TORONTO NORTH YORK,615S001,2020-05-28,2020,5,28,,,,,,,,
515,-79.47,43.78,TORONTO NORTH YORK,615S001,2020-05-29,2020,5,29,,,,,,,,
516,-79.47,43.78,TORONTO NORTH YORK,615S001,2020-05-30,2020,5,30,19.5,11.0,15.3,2.7,0.0,2.0,0.0,2.0
517,-79.47,43.78,TORONTO NORTH YORK,615S001,2020-05-31,2020,5,31,16.0,6.5,11.3,6.7,0.0,0.0,0.0,0.0
518,-79.47,43.78,TORONTO NORTH YORK,615S001,2020-06-01,2020,6,1,23.5,7.0,15.3,2.7,0.0,0.2,0.0,0.2
519,-79.47,43.78,TORONTO NORTH YORK,615S001,2020-06-02,2020,6,2,,,,,,,,
520,-79.47,43.78,TORONTO NORTH YORK,615S001,2020-06-03,2020,6,3,28.0,12.0,20.0,0.0,2.0,0.4,0.0,0.4
521,-79.47,43.78,TORONTO NORTH YORK,615S001,2020-06-04,2020,6,4,,,,,,,,
522,-79.47,43.78,TORONTO NORTH YORK,615S001,2020-06-05,2020,6,5,,,,,,,,
523,-79.47,43.78,TORONTO NORTH YORK,615S001,2020-06-06,2020,6,6,,,,,,,,
524,-79.47,43.78,TORONTO NORTH YORK,615S001,2020-06-07,2020,6,7,21.5,10.0,15.8,2.2,0.0,0.0,0.0,0.0
525,-79.47,43.78,TORONTO NORTH YORK,615S001,2020-06-08,2020,6,8,24.5,8.0,16.3,1.7,0.0,0.0,0.0,0.0
526,-79.47,43.78,TORONTO NORTH YORK,615S001,2020-06-09,2020,6,9,33.5,12.5,23.0,0.0,5.0,4.0,0.0,4.0
527,-79.47,43.78,TORONTO NORTH YORK,615S001,2020-06-10,2020,6,10,,,,,,,,
528,-79.47,43.78,TORONTO NORTH YORK,615S001,2020-06-11,2020,6,11,,,,,,,,
529,-79.47,43.78,TORONTO NORTH YORK,615S001,2020-06-12,2020,6,12,,,,,,,,
530,-79.47,43.78,TORONTO NORTH YORK,615S001,2020-06-13,2020,6,13,,,,,,,,
531,-79.47,43.78,TORONTO NORTH YORK,615S001,2020-06-14,2020,6,14,,,,,,,,
532,-79.47,43.78,TORONTO NORTH YORK,615S001,2020-06-15,2020,6,15,,,,,,,,
533,-79.47,43.78,TORONTO NORTH YORK,615S001,2020-06-16,2020,6,16,,,,,,,,
534,-79.47,43.78,TORONTO NORTH YORK,615S001,2020-06-17,2020,6,17,,,,,,,,
535,-79.47,43.78,TORONTO NORTH YORK,615S001,2020-06-18,2020,6,18,,,,,,,,
536,-79.47,43.78,TORONTO NORTH YORK,615S001,2020-06-19,2020,6,19,31.0,5.5,18.3,0.0,0.3,0.0,0.0,0.0
537,-79.47,43.78,TORONTO NORTH YORK,615S001,2020-06-20,2020,6,20,,,,,,,,
538,-79.47,43.78,TORONTO NORTH YORK,615S001,2020-06-21,2020,6,21,,,,,,,,
539,-79.47,43.78,TORONTO NORTH YORK,615S001,2020-06-22,2020,6,22,,,,,,,,
540,-79.47,43.78,TORONTO NORTH YORK,615S001,2020-06-23,2020,6,23,26.0,17.0,21.5,0.0,3.5,3.6,0.0,3.6
541,-79.47,43.78,TORONTO NORTH YORK,615S001,2020-06-24,2020,6,24,,,,,,,,
542,-79.47,43.78,TORONTO NORTH YORK,615S001,2020-06-25,2020,6,25,,,,,,,,
543,-79.47,43.78,TORONTO NORTH YORK,615S001,2020-06-26,2020,6,26,,,,,,,,
544,-79.47,43.78,TORONTO NORTH YORK,615S001,2020-06-27,2020,6,27,,,,,,,,
545,-79.47,43.78,TORONTO NORTH YORK,615S001,2020-06-28,2020,6,28,,,,,,,,
546,-79.47,43.78,TORONTO NORTH YORK,615S001,2020-06-29,2020,6,29,,,,,,,,
547,-79.47,43.78,TORONTO NORTH YORK,615S001,2020-06-30,2020,6,30,29.0,17.0,23.0,0.0,5.0,0.0,0.0,0.0
548,-79.47,43.78,TORONTO NORTH YORK,615S001,2020-07-01,2020,7,1,31.0,16.0,23.5,0.0,5.5,0.0,0.0,0.0
549,-79.47,43.78,TORONTO NORTH YORK,615S001,2020-07-02,2020,7,2,,,,,,,,
550,-79.47,43.78,TORONTO NORTH YORK,615S001,2020-07-03,2020,7,3,,,,,,,,
551,-79.47,43.78,TORONTO NORTH YORK,615S001,2020-07-04,2020,7,4,,,,,,,,
552,-79.47,43.78,TORONTO NORTH YORK,615S001,2020-07-05,2020,7,5,,,,,,,,
553,-79.47,43.78,TORONTO NORTH YORK,615S001,2020-07-06,2020,7,6,33.0,13.0,23.0,0.0,5.0,0.0,0.0,0.0
554,-79.47,43.78,TORONTO NORTH YORK,615S001,2020-07-07,2020,7,7,35.5,18.0,26.8,0.0,8.8,0.0,0.0,0.0
555,-79.47,43.78,TORONTO NORTH YORK,615S001,2020-07-08,2020,7,8,34.5,21.5,28.0,0.0,10.0,0.0,0.0,0.0
556,-79.47,43.78,TORONTO NORTH YORK,615S001,2020-07-09,2020,7,9,,,,,,,,
557,-79.47,43.78,TORONTO NORTH YORK,615S001,2020-07-10,2020,7,10,,,,,,,,
558,-79.47,43.78,TORONTO NORTH YORK,615S001,2020-07-11,2020,7,11,28.5,21.0,24.8,0.0,6.8,4.8,0.0,4.8
559,-79.47,43.78,TORONTO NORTH YORK,615S001,2020-07-12,2020,7,12,,,,,,,,
560,-79.47,43.78,TORONTO NORTH YORK,615S001,2020-07-13,2020,7,13,,,,,,,,
561,-79.47,43.78,TORONTO NORTH YORK,615S001,2020-07-14,2020,7,14,29.0,17.5,23.3,0.0,5.3,0.0,0.0,0.0
562,-79.47,43.78,TORONTO NORTH YORK,615S001,2020-07-15,2020,7,15,,,,,,,,
563,-79.47,43.78,TORONTO NORTH YORK,615S001,2020-07-16,2020,7,16,27.0,20.0,23.5,0.0,5.5,0.8,0.0,0.8
564,-79.47,43.78,TORONTO NORTH YORK,615S001,2020-07-17,2020,7,17,33.0,20.0,26.5,0.0,8.5,0.0,0.0,0.0
565,-79.47,43.78,TORONTO NORTH YORK,615S001,2020-07-18,2020,7,18,,,,,,,,
566,-79.47,43.78,TORONTO NORTH YORK,615S001,2020-07-19,2020,7,19,,,,,,,,
567,-79.47,43.78,TORONTO NORTH YORK,615S001,2020-07-20,2020,7,20,,,,,,,,
568,-79.47,43.78,TORONTO NORTH YORK,615S001,2020-07-21,2020,7,21,,,,,,,,
569,-79.47,43.78,TORONTO NORTH YORK,615S001,2020-07-22,2020,7,22,28.0,18.0,23.0,0.0,5.0,20.4,0.0,20.4
570,-79.47,43.78,TORONTO NORTH YORK,615S001,2020-07-23,2020,7,23,,,,,,,,
571,-79.47,43.78,TORONTO NORTH YORK,615S001,2020-07-24,2020,7,24,,,,,,,,
572,-79.47,43.78,TORONTO NORTH YORK,615S001,2020-07-25,2020,7,25,31.5,16.0,23.8,0.0,5.8,0.0,0.0,0.0
573,-79.47,43.78,TORONTO NORTH YORK,615S001,2020-07-26,2020,7,26,34.0,18.5,26.3,0.0,8.3,0.0,0.0,0.0
574,-79.47,43.78,TORONTO NORTH YORK,615S001,2020-07-27,2020,7,27,32.5,24.0,28.3,0.0,10.3,6.8,0.0,6.8
575,-79.47,43.78,TORONTO NORTH YORK,615S001,2020-07-28,2020,7,28,,,,,,,,
576,-79.47,43.78,TORONTO NORTH YORK,615S001,2020-07-29,2020,7,29,,,,,,,,
577,-79.47,43.78,TORONTO NORTH YORK,615S001,2020-07-30,2020,7,30,,,,,,,,
578,-79.47,43.78,TORONTO NORTH YORK,615S001,2020-07-31,2020,7,31,,,,,,,,
579,-79.47,43.78,TORONTO NORTH YORK,615S001,2020-08-01,2020,8,1,31.0,16.5,23.8,0.0,5.8,23.2,0.0,23.2
580,-79.47,43.78,TORONTO NORTH YORK,615S001,2020-08-02,2020,8,2,28.5,19.5,24.0,0.0,6.0,15.4,0.0,15.4
581,-79.47,43.78,TORONTO NORTH YORK,615S001,2020-08-03,2020,8,3,,,,,,,,
582,-79.47,43.78,TORONTO NORTH YORK,615S001,2020-08-04,2020,8,4,,,,,,,,
583,-79.47,43.78,TORONTO NORTH YORK,615S001,2020-08-05,2020,8,5,,,,,,,,
584,-79.47,43.78,TORONTO NORTH YORK,615S001,2020-08-06,2020,8,6,,,,,,,,
585,-79.47,43.78,TORONTO NORTH YORK,615S001,2020-08-07,2020,8,7,,,,,,,,
586,-79.47,43.78,TORONTO NORTH YORK,615S001,2020-08-08,2020,8,8,,,,,,,,
587,-79.47,43.78,TORONTO NORTH YORK,615S001,2020-08-09,2020,8,9,,,,,,,,
588,-79.47,43.78,TORONTO NORTH YORK,615S001,2020-08-10,2020,8,10,,,,,,,,
589,-79.47,43.78,TORONTO NORTH YORK,615S001,2020-08-11,2020,8,11,,,,,,,,
590,-79.47,43.78,TORONTO NORTH YORK,615S001,2020-08-12,2020,8,12,,,,,,,,
591,-79.47,43.78,TORONTO NORTH YORK,615S001,2020-08-13,2020,8,13,31.0,17.0,24.0,0.0,6.0,0.0,0.0,0.0
592,-79.47,43.78,TORONTO NORTH YORK,615S001,2020-08-14,2020,8,14,30.0,19.0,24.5,0.0,6.5,0.0,0.0,0.0
593,-79.47,43.78,TORONTO NORTH YORK,615S001,2020-08-15,2020,8,15,28.5,15.0,21.8,0.0,3.8,0.0,0.0,0.0
594,-79.47,43.78,TORONTO NORTH YORK,615S001,2020-08-16,2020,8,16,25.0,18.5,21.8,0.0,3.8,10.0,0.0,10.0
595,-79.47,43.78,TORONTO NORTH YORK,615S001,2020-08-17,2020,8,17,27.0,15.0,21.0,0.0,3.0,0.6,0.0,0.6
596,-79.47,43.78,TORONTO NORTH YORK,615S001,2020-08-18,2020,8,18,25.0,14.0,19.5,0.0,1.5,0.0,0.0,0.0
597,-79.47,43.78,TORONTO NORTH YORK,615S001,2020-08-19,2020,8,19,23.5,12.5,18.0,0.0,0.0,0.0,0.0,0.0
598,-79.47,43.78,TORONTO NORTH YORK,615S001,2020-08-20,2020,8,20,28.0,9.0,18.5,0.0,0.5,0.0,0.0,0.0
599,-79.47,43.78,TORONTO NORTH YORK,615S001,2020-08-21,2020,8,21,30.5,16.0,23.3,0.0,5.3,0.0,0.0,0.0
600,-79.47,43.78,TORONTO NORTH YORK,615S001,2020-08-22,2020,8,22,,,,,,,,
601,-79.47,43.78,TORONTO NORTH YORK,615S001,2020-08-23,2020,8,23,,,,,,,,
602,-79.47,43.78,TORONTO NORTH YORK,615S001,2020-08-24,2020,8,24,33.5,19.0,26.3,0.0,8.3,0.0,0.0,0.0
603,-79.47,43.78,TORONTO NORTH YORK,615S001,2020-08-25,2020,8,25,26.5,21.0,23.8,0.0,5.8,0.0,0.0,0.0
604,-79.47,43.78,TORONTO NORTH YORK,615S001,2020-08-26,2020,8,26,23.5,13.0,18.3,0.0,0.3,12.0,0.0,12.0
605,-79.47,43.78,TORONTO NORTH YORK,615S001,2020-08-27,2020,8,27,30.5,17.5,24.0,0.0,6.0,0.2,0.0,0.2
606,-79.47,43.78,TORONTO NORTH YORK,615S001,2020-08-28,2020,8,28,23.0,15.0,19.0,0.0,1.0,2.6,0.0,2.6
607,-79.47,43.78,TORONTO NORTH YORK,615S001,2020-08-29,2020,8,29,26.5,18.5,22.5,0.0,4.5,2.6,0.0,2.6
608,-79.47,43.78,TORONTO NORTH YORK,615S001,2020-08-30,2020,8,30,23.5,15.0,19.3,0.0,1.3,0.0,0.0,0.0
609,-79.47,43.78,TORONTO NORTH YORK,615S001,2020-08-31,2020,8,31,24.5,12.0,18.3,0.0,0.3,0.0,0.0,0.0
610,-79.47,43.78,TORONTO NORTH YORK,615S001,2020-09-01,2020,9,1,,,,,,,,
611,-79.47,43.78,TORONTO NORTH YORK,615S001,2020-09-02,2020,9,2,,,,,,,,
612,-79.47,43.78,TORONTO NORTH YORK,615S001,2020-09-03,2020,9,3,28.0,12.5,20.3,0.0,2.3,3.6,0.0,3.6
613,-79.47,43.78,TORONTO NORTH YORK,615S001,2020-09-04,2020,9,4,,,,,,,,
614,-79.47,43.78,TORONTO NORTH YORK,615S001,2020-09-05,2020,9,5,,,,,,,,
615,-79.47,43.78,TORONTO NORTH YORK,615S001,2020-09-06,2020,9,6,,,,,,,,
616,-79.47,43.78,TORONTO NORTH YORK,615S001,2020-09-07,2020,9,7,,,,,,,,
617,-79.47,43.78,TORONTO NORTH YORK,615S001,2020-09-08,2020,9,8,,,,,,,,
618,-79.47,43.78,TORONTO NORTH YORK,615S001,2020-09-09,2020,9,9,,,,,,,,
619,-79.47,43.78,TORONTO NORTH YORK,615S001,2020-09-10,2020,9,10,19.0,16.0,17.5,0.5,0.0,0.6,0.0,0.6
620,-79.47,43.78,TORONTO NORTH YORK,615S001,2020-09-11,2020,9,11,19.5,12.0,15.8,2.2,0.0,0.0,0.0,0.0
621,-79.47,43.78,TORONTO NORTH YORK,615S001,2020-09-12,2020,9,12,21.0,7.5,14.3,3.7,0.0,0.0,0.0,0.0
622,-79.47,43.78,TORONTO NORTH YORK,615S001,2020-09-13,2020,9,13,26.0,17.5,21.8,0.0,3.8,3.8,0.0,3.8
623,-79.47,43.78,TORONTO NORTH YORK,615S001,2020-09-14,2020,9,14,17.5,12.0,14.8,3.2,0.0,0.0,0.0,0.0
624,-79.47,43.78,TORONTO NORTH YORK,615S001,2020-09-15,2020,9,15,19.5,4.0,11.8,6.2,0.0,0.0,0.0,0.0
625,-79.47,43.78,TORONTO NORTH YORK,615S001,2020-09-16,2020,9,16,25.5,11.5,18.5,0.0,0.5,0.0,0.0,0.0
626,-79.47,43.78,TORONTO NORTH YORK,615S001,2020-09-17,2020,9,17,19.0,12.5,15.8,2.2,0.0,0.0,0.0,0.0
627,-79.47,43.78,TORONTO NORTH YORK,615S001,2020-09-18,2020,9,18,16.0,4.0,10.0,8.0,0.0,0.0,0.0,0.0
628,-79.47,43.78,TORONTO NORTH YORK,615S001,2020-09-19,2020,9,19,16.5,0.0,8.3,9.7,0.0,0.0,0.0,0.0
629,-79.47,43.78,TORONTO NORTH YORK,615S001,2020-09-20,2020,9,20,18.0,5.5,11.8,6.2,0.0,0.0,0.0,0.0
630,-79.47,43.78,TORONTO NORTH YORK,615S001,2020-09-21,2020,9,21,,,,,,,,
631,-79.47,43.78,TORONTO NORTH YORK,615S001,2020-09-22,2020,9,22,,,,,,,,
632,-79.47,43.78,TORONTO NORTH YORK,615S001,2020-09-23,2020,9,23,,,,,,,,
633,-79.47,43.78,TORONTO NORTH YORK,615S001,2020-09-24,2020,9,24,,,,,,,,
634,-79.47,43.78,TORONTO NORTH YORK,615S001,2020-09-25,2020,9,25,27.0,12.5,19.8,0.0,1.8,0.0,0.0,0.0
635,-79.47,43.78,TORONTO NORTH YORK,615S001,2020-09-26,2020,9,26,26.0,12.0,19.0,0.0,1.0,0.0,0.0,0.0
636,-79.47,43.78,TORONTO NORTH YORK,615S001,2020-09-27,2020,9,27,27.0,18.0,22.5,0.0,4.5,0.0,0.0,0.0
637,-79.47,43.78,TORONTO NORTH YORK,615S001,2020-09-28,2020,9,28,27.0,17.0,22.0,0.0,4.0,12.6,0.0,12.6
638,-79.47,43.78,TORONTO NORTH YORK,615S001,2020-09-29,2020,9,29,19.5,12.0,15.8,2.2,0.0,1.0,0.0,1.0
639,-79.47,43.78,TORONTO NORTH YORK,615S001,2020-09-30,2020,9,30,18.0,10.5,14.3,3.7,0.0,4.4,0.0,4.4
640,-79.47,43.78,TORONTO NORTH YORK,615S001,2020-10-01,2020,10,1,18.0,10.0,14.0,4.0,0.0,0.2,0.0,0.2
641,-79.47,43.78,TORONTO NORTH YORK,615S001,2020-10-02,2020,10,2,,,,,,,,
642,-79.47,43.78,TORONTO NORTH YORK,615S001,2020-10-03,2020,10,3,,,,,,,,
643,-79.47,43.78,TORONTO NORTH YORK,615S001,2020-10-04,2020,10,4,,,,,,,,
644,-79.47,43.78,TORONTO NORTH YORK,615S001,2020-10-05,2020,10,5,16.0,1.0,8.5,9.5,0.0,0.0,0.0,0.0
645,-79.47,43.78,TORONTO NORTH YORK,615S001,2020-10-06,2020,10,6,19.5,5.0,12.3,5.7,0.0,0.2,0.0,0.2
646,-79.47,43.78,TORONTO NORTH YORK,615S001,2020-10-07,2020,10,7,19.0,12.5,15.8,2.2,0.0,2.6,0.0,2.6
647,-79.47,43.78,TORONTO NORTH YORK,615S001,2020-10-08,2020,10,8,,,,,,,,
648,-79.47,43.78,TORONTO NORTH YORK,615S001,2020-10-09,2020,10,9,,,,,,,,
649,-79.47,43.78,TORONTO NORTH YORK,615S001,2020-10-10,2020,10,10,,,,,,,,
650,-79.47,43.78,TORONTO NORTH YORK,615S001,2020-10-11,2020,10,11,12.0,1.5,6.8,11.2,0.0,0.0,0.0,0.0
651,-79.47,43.78,TORONTO NORTH YORK,615S001,2020-10-12,2020,10,12,16.0,6.0,11.0,7.0,0.0,5.8,0.0,5.8
652,-79.47,43.78,TORONTO NORTH YORK,615S001,2020-10-13,2020,10,13,18.5,10.0,14.3,3.7,0.0,0.0,0.0,0.0
653,-79.47,43.78,TORONTO NORTH YORK,615S001,2020-10-14,2020,10,14,17.0,7.0,12.0,6.0,0.0,0.6,0.0,0.6
654,-79.47,43.78,TORONTO NORTH YORK,615S001,2020-10-15,2020,10,15,15.0,10.0,12.5,5.5,0.0,10.4,0.0,10.4
655,-79.47,43.78,TORONTO NORTH YORK,615S001,2020-10-16,2020,10,16,12.0,4.0,8.0,10.0,0.0,0.0,0.0,0.0
656,-79.47,43.78,TORONTO NORTH YORK,615S001,2020-10-17,2020,10,17,13.5,0.0,6.8,11.2,0.0,0.0,0.0,0.0
657,-79.47,43.78,TORONTO NORTH YORK,615S001,2020-10-18,2020,10,18,,,,,,,,
658,-79.47,43.78,TORONTO NORTH YORK,615S001,2020-10-19,2020,10,19,,,,,,,,
659,-79.47,43.78,TORONTO NORTH YORK,615S001,2020-10-20,2020,10,20,,,,,,,,
660,-79.47,43.78,TORONTO NORTH YORK,615S001,2020-10-21,2020,10,21,16.5,5.0,10.8,7.2,0.0,2.8,0.0,2.8
661,-79.47,43.78,TORONTO NORTH YORK,615S001,2020-10-22,2020,10,22,12.5,5.0,8.8,9.2,0.0,0.2,0.0,0.2
662,-79.47,43.78,TORONTO NORTH YORK,615S001,2020-10-23,2020,10,23,,,,,,,,
663,-79.47,43.78,TORONTO NORTH YORK,615S001,2020-10-24,2020,10,24,8.0,4.0,6.0,12.0,0.0,0.0,0.0,0.0
664,-79.47,43.78,TORONTO NORTH YORK,615S001,2020-10-25,2020,10,25,7.0,1.0,4.0,14.0,0.0,1.2,0.0,1.2
665,-79.47,43.78,TORONTO NORTH YORK,615S001,2020-10-26,2020,10,26,8.0,2.0,5.0,13.0,0.0,0.0,0.0,0.0
666,-79.47,43.78,TORONTO NORTH YORK,615S001,2020-10-27,2020,10,27,6.0,4.5,5.3,12.7,0.0,8.4,0.0,8.4
667,-79.47,43.78,TORONTO NORTH YORK,615S001,2020-10-28,2020,10,28,,,,,,,,
668,-79.47,43.78,TORONTO NORTH YORK,615S001,2020-10-29,2020,10,29,,,,,,,,
669,-79.47,43.78,TORONTO NORTH YORK,615S001,2020-10-30,2020,10,30,,,,,,,,
670,-79.47,43.78,TORONTO NORTH YORK,615S001,2020-10-31,2020,10,31,11.0,-7.5,1.8,16.2,0.0,,0.0,0.0
671,-79.47,43.78,TORONTO NORTH YORK,615S001,2020-11-01,2020,11,1,8.5,0.0,4.3,13.7,0.0,0.2,4.0,6.6
672,-79.47,43.78,TORONTO NORTH YORK,615S001,2020-11-02,2020,11,2,7.0,-2.5,2.3,15.7,0.0,0.0,0.0,0.0
673,-79.47,43.78,TORONTO NORTH YORK,615S001,2020-11-03,2020,11,3,7.0,3.0,5.0,13.0,0.0,0.0,0.0,0.0
674,-79.47,43.78,TORONTO NORTH YORK,615S001,2020-11-04,2020,11,4,,,,,,,,
675,-79.47,43.78,TORONTO NORTH YORK,615S001,2020-11-05,2020,11,5,,,,,,,,
676,-79.47,43.78,TORONTO NORTH YORK,615S001,2020-11-06,2020,11,6,21.0,4.5,12.8,5.2,0.0,0.0,0.0,0.0
677,-79.47,43.78,TORONTO NORTH YORK,615S001,2020-11-07,2020,11,7,,,,,,,,
678,-79.47,43.78,TORONTO NORTH YORK,615S001,2020-11-08,2020,11,8,,,,,,,,
679,-79.47,43.78,TORONTO NORTH YORK,615S001,2020-11-09,2020,11,9,,,,,,,,
680,-79.47,43.78,TORONTO NORTH YORK,615S001,2020-11-10,2020,11,10,24.5,5.5,15.0,3.0,0.0,1.0,0.0,1.0
681,-79.47,43.78,TORONTO NORTH YORK,615S001,2020-11-11,2020,11,11,18.0,10.5,14.3,3.7,0.0,0.0,0.0,0.0
682,-79.47,43.78,TORONTO NORTH YORK,615S001,2020-11-12,2020,11,12,11.0,4.0,7.5,10.5,0.0,0.0,0.0,0.0
683,-79.47,43.78,TORONTO NORTH YORK,615S001,2020-11-13,2020,11,13,9.0,-1.0,4.0,14.0,0.0,0.2,0.0,0.2
684,-79.47,43.78,TORONTO NORTH YORK,615S001,2020-11-14,2020,11,14,8.5,2.0,5.3,12.7,0.0,3.2,0.0,3.2
685,-79.47,43.78,TORONTO NORTH YORK,615S001,2020-11-15,2020,11,15,12.5,-1.5,5.5,12.5,0.0,0.6,0.0,0.6
686,-79.47,43.78,TORONTO NORTH YORK,615S001,2020-11-16,2020,11,16,5.0,2.0,3.5,14.5,0.0,0.0,0.0,0.0
687,-79.47,43.78,TORONTO NORTH YORK,615S001,2020-11-17,2020,11,17,,,,,,,,
688,-79.47,43.78,TORONTO NORTH YORK,615S001,2020-11-18,2020,11,18,,,,,,,,
689,-79.47,43.78,TORONTO NORTH YORK,615S001,2020-11-19,2020,11,19,,,,,,,,
690,-79.47,43.78,TORONTO NORTH YORK,615S001,2020-11-20,2020,11,20,17.5,12.0,14.8,3.2,0.0,0.0,0.0,0.0
691,-79.47,43.78,TORONTO NORTH YORK,615S001,2020-11-21,2020,11,21,5.5,2.5,4.0,14.0,0.0,0.0,0.0,0.0
692,-79.47,43.78,TORONTO NORTH YORK,615S001,2020-11-22,2020,11,22,1.0,-3.5,-1.3,19.3,0.0,0.0,22.4,23.2
693,-79.47,43.78,TORONTO NORTH YORK,615S001,2020-11-23,2020,11,23,4.0,-1.0,1.5,16.5,0.0,0.0,0.0,0.0
694,-79.47,43.78,TORONTO NORTH YORK,615S001,2020-11-24,2020,11,24,3.0,-2.0,0.5,17.5,0.0,0.8,1.0,1.8
695,-79.47,43.78,TORONTO NORTH YORK,615S001,2020-11-25,2020,11,25,7.0,-1.0,3.0,15.0,0.0,7.0,0.0,7.0
696,-79.47,43.78,TORONTO NORTH YORK,615S001,2020-11-26,2020,11,26,11.0,4.0,7.5,10.5,0.0,0.0,0.0,0.0
697,-79.47,43.78,TORONTO NORTH YORK,615S001,2020-11-27,2020,11,27,8.0,6.0,7.0,11.0,0.0,0.0,0.0,0.0
698,-79.47,43.78,TORONTO NORTH YORK,615S001,2020-11-28,2020,11,28,7.5,2.0,4.8,13.2,0.0,0.0,0.0,0.0
699,-79.47,43.78,TORONTO NORTH YORK,615S001,2020-11-29,2020,11,29,11.0,-2.0,4.5,13.5,0.0,0.0,0.0,0.0
700,-79.47,43.78,TORONTO NORTH YORK,615S001,2020-11-30,2020,11,30,4.5,1.5,3.0,15.0,0.0,19.0,5.4,25.4
701,-79.47,43.78,TORONTO NORTH YORK,615S001,2020-12-01,2020,12,1,0.0,-2.5,-1.3,19.3,0.0,0.0,3.8,3.4
702,-79.47,43.78,TORONTO NORTH YORK,615S001,2020-12-02,2020,12,2,4.0,-3.0,0.5,17.5,0.0,0.0,0.0,0.0
703,-79.47,43.78,TORONTO NORTH YORK,615S001,2020-12-03,2020,12,3,5.0,-3.0,1.0,17.0,0.0,1.4,1.6,4.8
704,-79.47,43.78,TORONTO NORTH YORK,615S001,2020-12-04,2020,12,4,3.0,0.0,1.5,16.5,0.0,0.0,0.0,0.0
705,-79.47,43.78,TORONTO NORTH YORK,615S001,2020-12-05,2020,12,5,0.5,-2.5,-1.0,19.0,0.0,0.0,0.0,0.0
706,-79.47,43.78,TORONTO NORTH YORK,615S001,2020-12-06,2020,12,6,1.0,-7.0,-3.0,21.0,0.0,0.0,0.0,0.0
707,-79.47,43.78,TORONTO NORTH YORK,615S001,2020-12-07,2020,12,7,0.0,-7.0,-3.5,21.5,0.0,0.0,0.0,0.0
708,-79.47,43.78,TORONTO NORTH YORK,615S001,2020-12-08,2020,12,8,1.5,-7.0,-2.8,20.8,0.0,0.0,9.0,8.0
709,-79.47,43.78,TORONTO NORTH YORK,615S001,2020-12-09,2020,12,9,4.0,-0.5,1.8,16.2,0.0,0.0,0.0,0.0
710,-79.47,43.78,TORONTO NORTH YORK,615S001,2020-12-10,2020,12,10,5.0,1.5,3.3,14.7,0.0,0.0,0.0,0.0
711,-79.47,43.78,TORONTO NORTH YORK,615S001,2020-12-11,2020,12,11,9.0,-2.5,3.3,14.7,0.0,0.0,0.0,0.0
712,-79.47,43.78,TORONTO NORTH YORK,615S001,2020-12-12,2020,12,12,9.0,2.5,5.8,12.2,0.0,8.0,0.0,8.0
713,-79.47,43.78,TORONTO NORTH YORK,615S001,2020-12-13,2020,12,13,1.0,-1.0,0.0,18.0,0.0,0.0,0.0,0.0
714,-79.47,43.78,TORONTO NORTH YORK,615S001,2020-12-14,2020,12,14,1.5,-1.5,0.0,18.0,0.0,0.0,0.0,0.0
715,-79.47,43.78,TORONTO NORTH YORK,615S001,2020-12-15,2020,12,15,-2.0,-5.5,-3.8,21.8,0.0,0.0,0.0,0.0
716,-79.47,43.78,TORONTO NORTH YORK,615S001,2020-12-16,2020,12,16,-6.5,-10.0,-8.3,26.3,0.0,0.0,0.6,0.6
717,-79.47,43.78,TORONTO NORTH YORK,615S001,2020-12-17,2020,12,17,-2.0,-9.0,-5.5,23.5,0.0,0.0,0.0,0.0
718,-79.47,43.78,TORONTO NORTH YORK,615S001,2020-12-18,2020,12,18,0.0,-11.5,-5.8,23.8,0.0,0.0,0.0,0.0
719,-79.47,43.78,TORONTO NORTH YORK,615S001,2020-12-19,2020,12,19,2.0,-8.0,-3.0,21.0,0.0,2.8,0.4,3.4
720,-79.47,43.78,TORONTO NORTH YORK,615S001,2020-12-20,2020,12,20,4.5,0.0,2.3,15.7,0.0,0.6,0.0,0.6
721,-79.47,43.78,TORONTO NORTH YORK,615S001,2020-12-21,2020,12,21,4.5,-2.0,1.3,16.7,0.0,0.2,0.0,0.2
722,-79.47,43.78,TORONTO NORTH YORK,615S001,2020-12-22,2020,12,22,3.0,-1.0,1.0,17.0,0.0,0.0,0.0,0.0
723,-79.47,43.78,TORONTO NORTH YORK,615S001,2020-12-23,2020,12,23,8.5,0.0,4.3,13.7,0.0,5.6,0.0,5.6
724,-79.47,43.78,TORONTO NORTH YORK,615S001,2020-12-24,2020,12,24,8.0,2.0,5.0,13.0,0.0,0.8,10.0,14.0
725,-79.47,43.78,TORONTO NORTH YORK,615S001,2020-12-25,2020,12,25,-0.5,-3.0,-1.8,19.8,0.0,0.0,4.6,3.2
726,-79.47,43.78,TORONTO NORTH YORK,615S001,2020-12-26,2020,12,26,-2.0,-6.0,-4.0,22.0,0.0,0.0,0.6,0.4
727,-79.47,43.78,TORONTO NORTH YORK,615S001,2020-12-27,2020,12,27,4.5,-4.5,0.0,18.0,0.0,6.4,0.0,6.4
728,-79.47,43.78,TORONTO NORTH YORK,615S001,2020-12-28,2020,12,28,2.0,-1.0,0.5,17.5,0.0,0.2,0.0,0.2
729,-79.47,43.78,TORONTO NORTH YORK,615S001,2020-12-29,2020,12,29,-1.5,-5.5,-3.5,21.5,0.0,0.0,2.2,2.4
730,-79.47,43.78,TORONTO NORTH YORK,615S001,2020-12-30,2020,12,30,5.0,-7.0,-1.0,19.0,0.0,2.2,0.0,2.2
731,-79.47,43.78,TORONTO NORTH YORK,615S001,2020-12-31,2020,12,31,1.5,-1.0,0.3,17.7,0.0,0.0,0.0,0.0
732,-107.82,69.04,CAPE PEEL WEST,2400697,2020-01-01,2020,1,1,-24.0,-29.9,-27.0,45.0,0.0,,,
733,-107.82,69.04,CAPE PEEL WEST,2400697,2020-01-02,2020,1,2,-21.9,-36.9,-29.4,47.4,0.0,,,
734,-107.82,69.04,CAPE PEEL WEST,2400697,2020-01-03,2020,1,3,-34.2,-38.2,-36.2,54.2,0.0,,,
735,-107.82,69.04,CAPE PEEL WEST,2400697,2020-01-04,2020,1,4,-29.6,-34.8,-32.2,50.2,0.0,,,
736,-107.82,69.04,CAPE PEEL WEST,2400697,2020-01-05,2020,1,5,-29.8,-34.8,-32.3,50.3,0.0,,,
737,-107.82,69.04,CAPE PEEL WEST,2400697,2020-01-06,2020,1,6,,,,,,,,
738,-107.82,69.04,CAPE PEEL WEST,2400697,2020-01-07,2020,1,7,-25.0,-30.3,-27.6,45.6,0.0,,,
739,-107.82,69.04,CAPE PEEL WEST,2400697,2020-01-08,2020,1,8,-26.3,-33.1,-29.7,47.7,0.0,,,
740,-107.82,69.04,CAPE PEEL WEST,2400697,2020-01-09,2020,1,9,-29.7,-34.1,-31.9,49.9,0.0,,,
741,-107.82,69.04,CAPE PEEL WEST,2400697,2020-01-10,2020,1,10,-29.3,-34.8,-32.1,50.1,0.0,,,
742,-107.82,69.04,CAPE PEEL WEST,2400697,2020-01-11,2020,1,11,-25.8,-32.7,-29.3,47.3,0.0,,,
743,-107.82,69.04,CAPE PEEL WEST,2400697,2020-01-12,2020,1,12,-26.7,-29.1,-27.9,45.9,0.0,,,
744,-107.82,69.04,CAPE PEEL WEST,2400697,2020-01-13,2020,1,13,-26.7,-30.2,-28.5,46.5,0.0,,,
745,-107.82,69.04,CAPE PEEL WEST,2400697,2020-01-14,2020,1,14,-20.6,-28.7,-24.7,42.7,0.0,,,
746,-107.82,69.04,CAPE PEEL WEST,2400697,2020-01-15,2020,1,15,-17.0,-26.0,-21.5,39.5,0.0,,,
747,-107.82,69.04,CAPE PEEL WEST,2400697,2020-01-16,2020,1,16,-17.1,-31.2,-24.1,42.1,0.0,,,
748,-107.82,69.04,CAPE PEEL WEST,2400697,2020-01-17,2020,1,17,-20.2,-32.7,-26.5,44.5,0.0,,,
749,-107.82,69.04,CAPE PEEL WEST,2400697,2020-01-18,2020,1,18,-17.2,-22.0,-19.6,37.6,0.0,,,
750,-107.82,69.04,CAPE PEEL WEST,2400697,2020-01-19,2020,1,19,-18.4,-27.4,-22.9,40.9,0.0,,,
751,-107.82,69.04,CAPE PEEL WEST,2400697,2020-01-20,2020,1,20,-27.3,-33.0,-30.2,48.2,0.0,,,
752,-107.82,69.04,CAPE PEEL WEST,2400697,2020-01-21,2020,1,21,-31.2,-36.4,-33.8,51.8,0.0,,,
753,-107.82,69.04,CAPE PEEL WEST,2400697,2020-01-22,2020,1,22,-33.7,-36.1,-34.9,52.9,0.0,,,
754,-107.82,69.04,CAPE PEEL WEST,2400697,2020-01-23,2020,1,23,-26.7,-34.7,-30.7,48.7,0.0,,,
755,-107.82,69.04,CAPE PEEL WEST,2400697,2020-01-24,2020,1,24,-24.0,-27.6,-25.8,43.8,0.0,,,
756,-107.82,69.04,CAPE PEEL WEST,2400697,2020-01-25,2020,1,25,-21.8,-26.1,-23.9,41.9,0.0,,,
757,-107.82,69.04,CAPE PEEL WEST,2400697,2020-01-26,2020,1,26,-20.9,-32.1,-26.5,44.5,0.0,,,
758,-107.82,69.04,CAPE PEEL WEST,2400697,2020-01-27,2020,1,27,-23.8,-32.9,-28.4,46.4,0.0,,,
759,-107.82,69.04,CAPE PEEL WEST,2400697,2020-01-28,2020,1,28,-22.2,-29.9,-26.0,44.0,0.0,,,
760,-107.82,69.04,CAPE PEEL WEST,2400697,2020-01-29,2020,1,29,-27.6,-34.0,-30.8,48.8,0.0,,,
761,-107.82,69.04,CAPE PEEL WEST,2400697,2020-01-30,2020,1,30,,,,,,,,
762,-107.82,69.04,CAPE PEEL WEST,2400697,2020-01-31,2020,1,31,,,,,,,,
763,-107.82,69.04,CAPE PEEL WEST,2400697,2020-02-01,2020,2,1,-27.9,-32.3,-30.1,48.1,0.0,,,
764,-107.82,69.04,CAPE PEEL WEST,2400697,2020-02-02,2020,2,2,-28.2,-35.2,-31.7,49.7,0.0,,,
765,-107.82,69.04,CAPE PEEL WEST,2400697,2020-02-03,2020,2,3,-32.9,-36.7,-34.8,52.8,0.0,,,
766,-107.82,69.04,CAPE PEEL WEST,2400697,2020-02-04,2020,2,4,-36.1,-39.8,-38.0,56.0,0.0,,,
767,-107.82,69.04,CAPE PEEL WEST,2400697,2020-02-05,2020,2,5,-31.7,-37.8,-34.7,52.7,0.0,,,
768,-107.82,69.04,CAPE PEEL WEST,2400697,2020-02-06,2020,2,6,-24.8,-34.9,-29.9,47.9,0.0,,,
769,-107.82,69.04,CAPE PEEL WEST,2400697,2020-02-07,2020,2,7,-32.3,-37.4,-34.9,52.9,0.0,,,
770,-107.82,69.04,CAPE PEEL WEST,2400697,2020-02-08,2020,2,8,-28.8,-36.5,-32.6,50.6,0.0,,,
771,-107.82,69.04,CAPE PEEL WEST,2400697,2020-02-09,2020,2,9,-33.0,-37.5,-35.3,53.3,0.0,,,
772,-107.82,69.04,CAPE PEEL WEST,2400697,2020-02-10,2020,2,10,-34.6,-40.8,-37.7,55.7,0.0,,,
773,-107.82,69.04,CAPE PEEL WEST,2400697,2020-02-11,2020,2,11,-30.9,-39.3,-35.1,53.1,0.0,,,
774,-107.82,69.04,CAPE PEEL WEST,2400697,2020-02-12,2020,2,12,-32.3,-33.7,-33.0,51.0,0.0,,,
775,-107.82,69.04,CAPE PEEL WEST,2400697,2020-02-13,2020,2,13,-33.5,-37.8,-35.6,53.6,0.0,,,
776,-107.82,69.04,CAPE PEEL WEST,2400697,2020-02-14,2020,2,14,-31.8,-36.3,-34.1,52.1,0.0,,,
777,-107.82,69.04,CAPE PEEL WEST,2400697,2020-02-15,2020,2,15,-26.3,-31.8,-29.1,47.1,0.0,,,
778,-107.82,69.04,CAPE PEEL WEST,2400697,2020-02-16,2020,2,16,-24.2,-27.9,-26.0,44.0,0.0,,,
779,-107.82,69.04,CAPE PEEL WEST,2400697,2020-02-17,2020,2,17,-26.9,-29.0,-28.0,46.0,0.0,,,
780,-107.82,69.04,CAPE PEEL WEST,2400697,2020-02-18,2020,2,18,-23.9,-30.3,-27.1,45.1,0.0,,,
781,-107.82,69.04,CAPE PEEL WEST,2400697,2020-02-19,2020,2,19,-28.0,-34.5,-31.2,49.2,0.0,,,
782,-107.82,69.04,CAPE PEEL WEST,2400697,2020-02-20,2020,2,20,-26.2,-33.3,-29.8,47.8,0.0,,,
783,-107.82,69.04,CAPE PEEL WEST,2400697,2020-02-21,2020,2,21,-31.0,-35.6,-33.3,51.3,0.0,,,
784,-107.82,69.04,CAPE PEEL WEST,2400697,2020-02-22,2020,2,22,-25.5,-33.9,-29.7,47.7,0.0,,,
785,-107.82,69.04,CAPE PEEL WEST,2400697,2020-02-23,2020,2,23,-24.0,-30.2,-27.1,45.1,0.0,,,
786,-107.82,69.04,CAPE PEEL WEST,2400697,2020-02-24,2020,2,24,-25.8,-31.9,-28.9,46.9,0.0,,,
787,-107.82,69.04,CAPE PEEL WEST,2400697,2020-02-25,2020,2,25,-22.9,-26.9,-24.9,42.9,0.0,,,
788,-107.82,69.04,CAPE PEEL WEST,2400697,2020-02-26,2020,2,26,-25.1,-32.8,-28.9,46.9,0.0,,,
789,-107.82,69.04,CAPE PEEL WEST,2400697,2020-02-27,2020,2,27,-28.5,-33.3,-30.9,48.9,0.0,,,
790,-107.82,69.04,CAPE PEEL WEST,2400697,2020-02-28,2020,2,28,-32.1,-37.4,-34.7,52.7,0.0,,,
791,-107.82,69.04,CAPE PEEL WEST,2400697,2020-02-29,2020,2,29,-30.6,-36.2,-33.4,51.4,0.0,,,
792,-107.82,69.04,CAPE PEEL WEST,2400697,2020-03-01,2020,3,1,-30.7,-36.0,-33.3,51.3,0.0,,,
793,-107.82,69.04,CAPE PEEL WEST,2400697,2020-03-02,2020,3,2,-29.8,-38.0,-33.9,51.9,0.0,,,
794,-107.82,69.04,CAPE PEEL WEST,2400697,2020-03-03,2020,3,3,-37.6,-41.7,-39.7,57.7,0.0,,,
795,-107.82,69.04,CAPE PEEL WEST,2400697,2020-03-04,2020,3,4,-35.4,-40.6,-38.0,56.0,0.0,,,
796,-107.82,69.04,CAPE PEEL WEST,2400697,2020-03-05,2020,3,5,-34.7,-40.1,-37.4,55.4,0.0,,,
797,-107.82,69.04,CAPE PEEL WEST,2400697,2020-03-06,2020,3,6,-39.8,-43.6,-41.7,59.7,0.0,,,
798,-107.82,69.04,CAPE PEEL WEST,2400697,2020-03-07,2020,3,7,-34.0,-42.3,-38.2,56.2,0.0,,,
799,-107.82,69.04,CAPE PEEL WEST,2400697,2020-03-08,2020,3,8,-29.5,-39.9,-34.7,52.7,0.0,,,
800,-107.82,69.04,CAPE PEEL WEST,2400697,2020-03-09,2020,3,9,-25.6,-32.4,-29.0,47.0,0.0,,,
801,-107.82,69.04,CAPE PEEL WEST,2400697,2020-03-10,2020,3,10,-31.9,-36.7,-34.3,52.3,0.0,,,
802,-107.82,69.04,CAPE PEEL WEST,2400697,2020-03-11,2020,3,11,-34.9,-38.6,-36.7,54.7,0.0,,,
803,-107.82,69.04,CAPE PEEL WEST,2400697,2020-03-12,2020,3,12,-31.1,-37.8,-34.4,52.4,0.0,,,
804,-107.82,69.04,CAPE PEEL WEST,2400697,2020-03-13,2020,3,13,-26.6,-36.3,-31.4,49.4,0.0,,,
805,-107.82,69.04,CAPE PEEL WEST,2400697,2020-03-14,2020,3,14,-8.4,-26.6,-17.5,35.5,0.0,,,
806,-107.82,69.04,CAPE PEEL WEST,2400697,2020-03-15,2020,3,15,-9.0,-25.4,-17.2,35.2,0.0,,,
807,-107.82,69.04,CAPE PEEL WEST,2400697,2020-03-16,2020,3,16,-25.1,-31.3,-28.2,46.2,0.0,,,
808,-107.82,69.04,CAPE PEEL WEST,2400697,2020-03-17,2020,3,17,-21.8,-30.8,-26.3,44.3,0.0,,,
809,-107.82,69.04,CAPE PEEL WEST,2400697,2020-03-18,2020,3,18,-21.3,-29.4,-25.3,43.3,0.0,,,
810,-107.82,69.04,CAPE PEEL WEST,2400697,2020-03-19,2020,3,19,-20.7,-31.8,-26.3,44.3,0.0,,,
811,-107.82,69.04,CAPE PEEL WEST,2400697,2020-03-20,2020,3,20,,,,,,,,
812,-107.82,69.04,CAPE PEEL WEST,2400697,2020-03-21,2020,3,21,-8.2,-16.0,-12.1,30.1,0.0,,,
813,-107.82,69.04,CAPE PEEL WEST,2400697,2020-03-22,2020,3,22,-10.2,-24.2,-17.2,35.2,0.0,,,
814,-107.82,69.04,CAPE PEEL WEST,2400697,2020-03-23,2020,3,23,-21.5,-28.9,-25.2,43.2,0.0,,,
815,-107.82,69.04,CAPE PEEL WEST,2400697,2020-03-24,2020,3,24,-20.1,-27.7,-23.9,41.9,0.0,,,
816,-107.82,69.04,CAPE PEEL WEST,2400697,2020-03-25,2020,3,25,-21.7,-28.1,-24.9,42.9,0.0,,,
817,-107.82,69.04,CAPE PEEL WEST,2400697,2020-03-26,2020,3,26,-23.7,-36.6,-30.1,48.1,0.0,,,
818,-107.82,69.04,CAPE PEEL WEST,2400697,2020-03-27,2020,3,27,-27.7,-38.2,-32.9,50.9,0.0,,,
819,-107.82,69.04,CAPE PEEL WEST,2400697,2020-03-28,2020,3,28,-27.9,-36.9,-32.4,50.4,0.0,,,
820,-107.82,69.04,CAPE PEEL WEST,2400697,2020-03-29,2020,3,29,-27.6,-36.8,-32.2,50.2,0.0,,,
821,-107.82,69.04,CAPE PEEL WEST,2400697,2020-03-30,2020,3,30,-25.6,-35.7,-30.6,48.6,0.0,,,
822,-107.82,69.04,CAPE PEEL WEST,2400697,2020-03-31,2020,3,31,-25.6,-32.7,-29.1,47.1,0.0,,,
823,-107.82,69.04,CAPE PEEL WEST,2400697,2020-04-01,2020,4,1,-27.9,-33.8,-30.8,48.8,0.0,,,
824,-107.82,69.04,CAPE PEEL WEST,2400697,2020-04-02,2020,4,2,-23.9,-34.0,-28.9,46.9,0.0,,,
825,-107.82,69.04,CAPE PEEL WEST,2400697,2020-04-03,2020,4,3,-14.8,-26.5,-20.7,38.7,0.0,,,
826,-107.82,69.04,CAPE PEEL WEST,2400697,2020-04-04,2020,4,4,-14.5,-20.1,-17.3,35.3,0.0,,,
827,-107.82,69.04,CAPE PEEL WEST,2400697,2020-04-05,2020,4,5,-16.2,-25.4,-20.8,38.8,0.0,,,
828,-107.82,69.04,CAPE PEEL WEST,2400697,2020-04-06,2020,4,6,-14.9,-26.5,-20.7,38.7,0.0,,,
829,-107.82,69.04,CAPE PEEL WEST,2400697,2020-04-07,2020,4,7,-14.1,-21.8,-18.0,36.0,0.0,,,
830,-107.82,69.04,CAPE PEEL WEST,2400697,2020-04-08,2020,4,8,-12.2,-20.0,-16.1,34.1,0.0,,,
831,-107.82,69.04,CAPE PEEL WEST,2400697,2020-04-09,2020,4,9,-13.8,-20.4,-17.1,35.1,0.0,,,
832,-107.82,69.04,CAPE PEEL WEST,2400697,2020-04-10,2020,4,10,-16.4,-21.3,-18.9,36.9,0.0,,,
833,-107.82,69.04,CAPE PEEL WEST,2400697,2020-04-11,2020,4,11,-18.2,-23.6,-20.9,38.9,0.0,,,
834,-107.82,69.04,CAPE PEEL WEST,2400697,2020-04-12,2020,4,12,-19.7,-25.7,-22.7,40.7,0.0,,,
835,-107.82,69.04,CAPE PEEL WEST,2400697,2020-04-13,2020,4,13,-11.4,-25.3,-18.3,36.3,0.0,,,
836,-107.82,69.04,CAPE PEEL WEST,2400697,2020-04-14,2020,4,14,-8.6,-17.2,-12.9,30.9,0.0,,,
837,-107.82,69.04,CAPE PEEL WEST,2400697,2020-04-15,2020,4,15,-11.0,-22.0,-16.5,34.5,0.0,,,
838,-107.82,69.04,CAPE PEEL WEST,2400697,2020-04-16,2020,4,16,-20.3,-26.9,-23.6,41.6,0.0,,,
839,-107.82,69.04,CAPE PEEL WEST,2400697,2020-04-17,2020,4,17,-21.1,-28.6,-24.8,42.8,0.0,,,
840,-107.82,69.04,CAPE PEEL WEST,2400697,2020-04-18,2020,4,18,-17.8,-26.2,-22.0,40.0,0.0,,,
841,-107.82,69.04,CAPE PEEL WEST,2400697,2020-04-19,2020,4,19,-15.9,-23.6,-19.7,37.7,0.0,,,
842,-107.82,69.04,CAPE PEEL WEST,2400697,2020-04-20,2020,4,20,-15.3,-22.4,-18.8,36.8,0.0,,,
843,-107.82,69.04,CAPE PEEL WEST,2400697,2020-04-21,2020,4,21,-13.8,-19.1,-16.4,34.4,0.0,,,
844,-107.82,69.04,CAPE PEEL WEST,2400697,2020-04-22,2020,4,22,-17.1,-24.5,-20.8,38.8,0.0,,,
845,-107.82,69.04,CAPE PEEL WEST,2400697,2020-04-23,2020,4,23,-17.8,-25.2,-21.5,39.5,0.0,,,
846,-107.82,69.04,CAPE PEEL WEST,2400697,2020-04-24,2020,4,24,-20.3,-26.7,-23.5,41.5,0.0,,,
847,-107.82,69.04,CAPE PEEL WEST,2400697,2020-04-25,2020,4,25,-19.3,-27.6,-23.5,41.5,0.0,,,
848,-107.82,69.04,CAPE PEEL WEST,2400697,2020-04-26,2020,4,26,-19.3,-24.9,-22.1,40.1,0.0,,,
849,-107.82,69.04,CAPE PEEL WEST,2400697,2020-04-27,2020,4,27,-12.7,-26.2,-19.4,37.4,0.0,,,
850,-107.82,69.04,CAPE PEEL WEST,2400697,2020-04-28,2020,4,28,-10.3,-19.8,-15.1,33.1,0.0,,,
851,-107.82,69.04,CAPE PEEL WEST,2400697,2020-04-29,2020,4,29,-11.3,-21.2,-16.2,34.2,0.0,,,
852,-107.82,69.04,CAPE PEEL WEST,2400697,2020-04-30,2020,4,30,-14.9,-23.9,-19.4,37.4,0.0,,,
853,-107.82,69.04,CAPE PEEL WEST,2400697,2020-05-01,2020,5,1,-12.5,-22.2,-17.4,35.4,0.0,,,
854,-107.82,69.04,CAPE PEEL WEST,2400697,2020-05-02,2020,5,2,-8.2,-18.2,-13.2,31.2,0.0,,,
855,-107.82,69.04,CAPE PEEL WEST,2400697,2020-05-03,2020,5,3,-4.8,-11.8,-8.3,26.3,0.0,,,
856,-107.82,69.04,CAPE PEEL WEST,2400697,2020-05-04,2020,5,4,-10.7,-16.5,-13.6,31.6,0.0,,,
857,-107.82,69.04,CAPE PEEL WEST,2400697,2020-05-05,2020,5,5,-7.6,-18.5,-13.0,31.0,0.0,,,
858,-107.82,69.04,CAPE PEEL WEST,2400697,2020-05-06,2020,5,6,-4.2,-16.1,-10.2,28.2,0.0,,,
859,-107.82,69.04,CAPE PEEL WEST,2400697,2020-05-07,2020,5,7,-1.7,-12.2,-7.0,25.0,0.0,,,
860,-107.82,69.04,CAPE PEEL WEST,2400697,2020-05-08,2020,5,8,-12.2,-21.9,-17.1,35.1,0.0,,,
861,-107.82,69.04,CAPE PEEL WEST,2400697,2020-05-09,2020,5,9,-13.1,-22.6,-17.8,35.8,0.0,,,
862,-107.82,69.04,CAPE PEEL WEST,2400697,2020-05-10,2020,5,10,-7.9,-17.3,-12.6,30.6,0.0,,,
863,-107.82,69.04,CAPE PEEL WEST,2400697,2020-05-11,2020,5,11,-5.9,-14.2,-10.0,28.0,0.0,,,
864,-107.82,69.04,CAPE PEEL WEST,2400697,2020-05-12,2020,5,12,-13.3,-18.6,-15.9,33.9,0.0,,,
865,-107.82,69.04,CAPE PEEL WEST,2400697,2020-05-13,2020,5,13,-8.2,-20.2,-14.2,32.2,0.0,,,
866,-107.82,69.04,CAPE PEEL WEST,2400697,2020-05-14,2020,5,14,-2.0,-8.7,-5.3,23.3,0.0,,,
867,-107.82,69.04,CAPE PEEL WEST,2400697,2020-05-15,2020,5,15,-4.7,-8.2,-6.4,24.4,0.0,,,
868,-107.82,69.04,CAPE PEEL WEST,2400697,2020-05-16,2020,5,16,-6.4,-11.1,-8.8,26.8,0.0,,,
869,-107.82,69.04,CAPE PEEL WEST,2400697,2020-05-17,2020,5,17,-3.8,-15.7,-9.7,27.7,0.0,,,
870,-107.82,69.04,CAPE PEEL WEST,2400697,2020-05-18,2020,5,18,-5.4,-15.4,-10.4,28.4,0.0,,,
871,-107.82,69.04,CAPE PEEL WEST,2400697,2020-05-19,2020,5,19,-3.8,-11.6,-7.7,25.7,0.0,,,
872,-107.82,69.04,CAPE PEEL WEST,2400697,2020-05-20,2020,5,20,-4.3,-10.9,-7.6,25.6,0.0,,,
873,-107.82,69.04,CAPE PEEL WEST,2400697,2020-05-21,2020,5,21,-1.3,-8.4,-4.9,22.9,0.0,,,
874,-107.82,69.04,CAPE PEEL WEST,2400697,2020-05-22,2020,5,22,0.5,-10.0,-4.8,22.8,0.0,,,
875,-107.82,69.04,CAPE PEEL WEST,2400697,2020-05-23,2020,5,23,-4.9,-12.6,-8.8,26.8,0.0,,,
876,-107.82,69.04,CAPE PEEL WEST,2400697,2020-05-24,2020,5,24,-6.7,-9.5,-8.1,26.1,0.0,,,
877,-107.82,69.04,CAPE PEEL WEST,2400697,2020-05-25,2020,5,25,,,,,,,,
878,-107.82,69.04,CAPE PEEL WEST,2400697,2020-05-26,2020,5,26,,,,,,,,
879,-107.82,69.04,CAPE PEEL WEST,2400697,2020-05-27,2020,5,27,,,,,,,,
880,-107.82,69.04,CAPE PEEL WEST,2400697,2020-05-28,2020,5,28,,,,,,,,
881,-107.82,69.04,CAPE PEEL WEST,2400697,2020-05-29,2020,5,29,,,,,,,,
882,-107.82,69.04,CAPE PEEL WEST,2400697,2020-05-30,2020,5,30,,,,,,,,
883,-107.82,69.04,CAPE PEEL WEST,2400697,2020-05-31,2020,5,31,,,,,,,,
884,-107.82,69.04,CAPE PEEL WEST,2400697,2020-06-01,2020,6,1,,,,,,,,
885,-107.82,69.04,CAPE PEEL WEST,2400697,2020-06-02,2020,6,2,,,,,,,,
886,-107.82,69.04,CAPE PEEL WEST,2400697,2020-06-03,2020,6,3,,,,,,,,
887,-107.82,69.04,CAPE PEEL WEST,2400697,2020-06-04,2020,6,4,,,,,,,,
888,-107.82,69.04,CAPE PEEL WEST,2400697,2020-06-05,2020,6,5,,,,,,,,
889,-107.82,69.04,CAPE PEEL WEST,2400697,2020-06-06,2020,6,6,,,,,,,,
890,-107.82,69.04,CAPE PEEL WEST,2400697,2020-06-07,2020,6,7,,,,,,,,
891,-107.82,69.04,CAPE PEEL WEST,2400697,2020-06-08,2020,6,8,,,,,,,,
892,-107.82,69.04,CAPE PEEL WEST,2400697,2020-06-09,2020,6,9,,,,,,,,
893,-107.82,69.04,CAPE PEEL WEST,2400697,2020-06-10,2020,6,10,,,,,,,,
894,-107.82,69.04,CAPE PEEL WEST,2400697,2020-06-11,2020,6,11,,,,,,,,
895,-107.82,69.04,CAPE PEEL WEST,2400697,2020-06-12,2020,6,12,,,,,,,,
896,-107.82,69.04,CAPE PEEL WEST,2400697,2020-06-13,2020,6,13,,,,,,,,
897,-107.82,69.04,CAPE PEEL WEST,2400697,2020-06-14,2020,6,14,,,,,,,,
898,-107.82,69.04,CAPE PEEL WEST,2400697,2020-06-15,2020,6,15,,,,,,,,
899,-107.82,69.04,CAPE PEEL WEST,2400697,2020-06-16,2020,6,16,,,,,,,,
900,-107.82,69.04,CAPE PEEL WEST,2400697,2020-06-17,2020,6,17,,,,,,,,
901,-107.82,69.04,CAPE PEEL WEST,2400697,2020-06-18,2020,6,18,,,,,,,,
902,-107.82,69.04,CAPE PEEL WEST,2400697,2020-06-19,2020,6,19,,,,,,,,
903,-107.82,69.04,CAPE PEEL WEST,2400697,2020-06-20,2020,6,20,,,,,,,,
904,-107.82,69.04,CAPE PEEL WEST,2400697,2020-06-21,2020,6,21,,,,,,,,
905,-107.82,69.04,CAPE PEEL WEST,2400697,2020-06-22,2020,6,22,,,,,,,,
906,-107.82,69.04,CAPE PEEL WEST,2400697,2020-06-23,2020,6,23,,,,,,,,
907,-107.82,69.04,CAPE PEEL WEST,2400697,2020-06-24,2020,6,24,,,,,,,,
908,-107.82,69.04,CAPE PEEL WEST,2400697,2020-06-25,2020,6,25,,,,,,,,
909,-107.82,69.04,CAPE PEEL WEST,2400697,2020-06-26,2020,6,26,,,,,,,,
910,-107.82,69.04,CAPE PEEL WEST,2400697,2020-06-27,2020,6,27,,,,,,,,
911,-107.82,69.04,CAPE PEEL WEST,2400697,2020-06-28,2020,6,28,,,,,,,,
912,-107.82,69.04,CAPE PEEL WEST,2400697,2020-06-29,2020,6,29,,,,,,,,
913,-107.82,69.04,CAPE PEEL WEST,2400697,2020-06-30,2020,6,30,,,,,,,,
914,-107.82,69.04,CAPE PEEL WEST,2400697,2020-07-01,2020,7,1,22.1,14.1,18.1,0.0,0.1,,,
915,-107.82,69.04,CAPE PEEL WEST,2400697,2020-07-02,2020,7,2,24.1,13.5,18.8,0.0,0.8,,,
916,-107.82,69.04,CAPE PEEL WEST,2400697,2020-07-03,2020,7,3,20.8,11.2,16.0,2.0,0.0,,,
917,-107.82,69.04,CAPE PEEL WEST,2400697,2020-07-04,2020,7,4,20.0,9.2,14.6,3.4,0.0,,,
918,-107.82,69.04,CAPE PEEL WEST,2400697,2020-07-05,2020,7,5,17.7,10.2,14.0,4.0,0.0,,,
919,-107.82,69.04,CAPE PEEL WEST,2400697,2020-07-06,2020,7,6,11.5,6.8,9.1,8.9,0.0,,,
920,-107.82,69.04,CAPE PEEL WEST,2400697,2020-07-07,2020,7,7,12.9,4.7,8.8,9.2,0.0,,,
921,-107.82,69.04,CAPE PEEL WEST,2400697,2020-07-08,2020,7,8,8.5,2.9,5.7,12.3,0.0,,,
922,-107.82,69.04,CAPE PEEL WEST,2400697,2020-07-09,2020,7,9,11.2,1.9,6.6,11.4,0.0,,,
923,-107.82,69.04,CAPE PEEL WEST,2400697,2020-07-10,2020,7,10,15.2,6.1,10.6,7.4,0.0,,,
924,-107.82,69.04,CAPE PEEL WEST,2400697,2020-07-11,2020,7,11,14.0,7.4,10.7,7.3,0.0,,,
925,-107.82,69.04,CAPE PEEL WEST,2400697,2020-07-12,2020,7,12,10.2,8.4,9.3,8.7,0.0,,,
926,-107.82,69.04,CAPE PEEL WEST,2400697,2020-07-13,2020,7,13,14.6,7.9,11.2,6.8,0.0,,,
927,-107.82,69.04,CAPE PEEL WEST,2400697,2020-07-14,2020,7,14,15.6,7.3,11.4,6.6,0.0,,,
928,-107.82,69.04,CAPE PEEL WEST,2400697,2020-07-15,2020,7,15,18.1,8.7,13.4,4.6,0.0,,,
929,-107.82,69.04,CAPE PEEL WEST,2400697,2020-07-16,2020,7,16,17.6,7.8,12.7,5.3,0.0,,,
930,-107.82,69.04,CAPE PEEL WEST,2400697,2020-07-17,2020,7,17,12.4,7.4,9.9,8.1,0.0,,,
931,-107.82,69.04,CAPE PEEL WEST,2400697,2020-07-18,2020,7,18,16.2,7.5,11.9,6.1,0.0,,,
932,-107.82,69.04,CAPE PEEL WEST,2400697,2020-07-19,2020,7,19,14.0,7.1,10.5,7.5,0.0,,,
933,-107.82,69.04,CAPE PEEL WEST,2400697,2020-07-20,2020,7,20,15.3,9.0,12.1,5.9,0.0,,,
934,-107.82,69.04,CAPE PEEL WEST,2400697,2020-07-21,2020,7,21,16.0,8.2,12.1,5.9,0.0,,,
935,-107.82,69.04,CAPE PEEL WEST,2400697,2020-07-22,2020,7,22,10.4,7.7,9.0,9.0,0.0,,,
936,-107.82,69.04,CAPE PEEL WEST,2400697,2020-07-23,2020,7,23,20.5,7.4,14.0,4.0,0.0,,,
937,-107.82,69.04,CAPE PEEL WEST,2400697,2020-07-24,2020,7,24,20.4,8.5,14.5,3.5,0.0,,,
938,-107.82,69.04,CAPE PEEL WEST,2400697,2020-07-25,2020,7,25,13.8,6.6,10.2,7.8,0.0,,,
939,-107.82,69.04,CAPE PEEL WEST,2400697,2020-07-26,2020,7,26,18.5,9.3,13.9,4.1,0.0,,,
940,-107.82,69.04,CAPE PEEL WEST,2400697,2020-07-27,2020,7,27,20.6,10.4,15.5,2.5,0.0,,,
941,-107.82,69.04,CAPE PEEL WEST,2400697,2020-07-28,2020,7,28,18.6,10.4,14.5,3.5,0.0,,,
942,-107.82,69.04,CAPE PEEL WEST,2400697,2020-07-29,2020,7,29,16.0,8.7,12.3,5.7,0.0,,,
943,-107.82,69.04,CAPE PEEL WEST,2400697,2020-07-30,2020,7,30,9.9,4.8,7.3,10.7,0.0,,,
944,-107.82,69.04,CAPE PEEL WEST,2400697,2020-07-31,2020,7,31,14.8,4.1,9.4,8.6,0.0,,,
945,-107.82,69.04,CAPE PEEL WEST,2400697,2020-08-01,2020,8,1,22.7,9.2,16.0,2.0,0.0,,,
946,-107.82,69.04,CAPE PEEL WEST,2400697,2020-08-02,2020,8,2,23.8,10.0,16.9,1.1,0.0,,,
947,-107.82,69.04,CAPE PEEL WEST,2400697,2020-08-03,2020,8,3,18.4,8.5,13.4,4.6,0.0,,,
948,-107.82,69.04,CAPE PEEL WEST,2400697,2020-08-04,2020,8,4,13.6,8.3,11.0,7.0,0.0,,,
949,-107.82,69.04,CAPE PEEL WEST,2400697,2020-08-05,2020,8,5,13.6,7.2,10.4,7.6,0.0,,,
950,-107.82,69.04,CAPE PEEL WEST,2400697,2020-08-06,2020,8,6,13.2,5.0,9.1,8.9,0.0,,,
951,-107.82,69.04,CAPE PEEL WEST,2400697,2020-08-07,2020,8,7,15.5,6.2,10.8,7.2,0.0,,,
952,-107.82,69.04,CAPE PEEL WEST,2400697,2020-08-08,2020,8,8,11.0,7.2,9.1,8.9,0.0,,,
953,-107.82,69.04,CAPE PEEL WEST,2400697,2020-08-09,2020,8,9,17.1,6.8,12.0,6.0,0.0,,,
954,-107.82,69.04,CAPE PEEL WEST,2400697,2020-08-10,2020,8,10,17.6,8.7,13.2,4.8,0.0,,,
955,-107.82,69.04,CAPE PEEL WEST,2400697,2020-08-11,2020,8,11,13.3,6.8,10.0,8.0,0.0,,,
956,-107.82,69.04,CAPE PEEL WEST,2400697,2020-08-12,2020,8,12,14.4,4.6,9.5,8.5,0.0,,,
957,-107.82,69.04,CAPE PEEL WEST,2400697,2020-08-13,2020,8,13,15.2,6.5,10.9,7.1,0.0,,,
958,-107.82,69.04,CAPE PEEL WEST,2400697,2020-08-14,2020,8,14,8.3,4.0,6.1,11.9,0.0,,,
959,-107.82,69.04,CAPE PEEL WEST,2400697,2020-08-15,2020,8,15,11.5,4.0,7.8,10.2,0.0,,,
960,-107.82,69.04,CAPE PEEL WEST,2400697,2020-08-16,2020,8,16,7.2,4.0,5.6,12.4,0.0,,,
961,-107.82,69.04,CAPE PEEL WEST,2400697,2020-08-17,2020,8,17,6.9,2.9,4.9,13.1,0.0,,,
962,-107.82,69.04,CAPE PEEL WEST,2400697,2020-08-18,2020,8,18,8.3,0.8,4.6,13.4,0.0,,,
963,-107.82,69.04,CAPE PEEL WEST,2400697,2020-08-19,2020,8,19,7.7,2.1,4.9,13.1,0.0,,,
964,-107.82,69.04,CAPE PEEL WEST,2400697,2020-08-20,2020,8,20,6.6,0.7,3.7,14.3,0.0,,,
965,-107.82,69.04,CAPE PEEL WEST,2400697,2020-08-21,2020,8,21,10.0,1.4,5.7,12.3,0.0,,,
966,-107.82,69.04,CAPE PEEL WEST,2400697,2020-08-22,2020,8,22,12.3,3.2,7.7,10.3,0.0,,,
967,-107.82,69.04,CAPE PEEL WEST,2400697,2020-08-23,2020,8,23,10.3,3.8,7.0,11.0,0.0,,,
968,-107.82,69.04,CAPE PEEL WEST,2400697,2020-08-24,2020,8,24,14.9,3.2,9.0,9.0,0.0,,,
969,-107.82,69.04,CAPE PEEL WEST,2400697,2020-08-25,2020,8,25,15.5,5.1,10.3,7.7,0.0,,,
970,-107.82,69.04,CAPE PEEL WEST,2400697,2020-08-26,2020,8,26,10.9,3.2,7.0,11.0,0.0,,,
971,-107.82,69.04,CAPE PEEL WEST,2400697,2020-08-27,2020,8,27,3.3,0.3,1.8,16.2,0.0,,,
972,-107.82,69.04,CAPE PEEL WEST,2400697,2020-08-28,2020,8,28,2.4,-1.0,0.7,17.3,0.0,,,
973,-107.82,69.04,CAPE PEEL WEST,2400697,2020-08-29,2020,8,29,4.2,-1.0,1.6,16.4,0.0,,,
974,-107.82,69.04,CAPE PEEL WEST,2400697,2020-08-30,2020,8,30,4.9,-1.3,1.8,16.2,0.0,,,
975,-107.82,69.04,CAPE PEEL WEST,2400697,2020-08-31,2020,8,31,3.2,0.1,1.6,16.4,0.0,,,
976,-107.82,69.04,CAPE PEEL WEST,2400697,2020-09-01,2020,9,1,3.3,-1.1,1.1,16.9,0.0,,,
977,-107.82,69.04,CAPE PEEL WEST,2400697,2020-09-02,2020,9,2,4.1,0.4,2.3,15.7,0.0,,,
978,-107.82,69.04,CAPE PEEL WEST,2400697,2020-09-03,2020,9,3,4.1,-0.9,1.6,16.4,0.0,,,
979,-107.82,69.04,CAPE PEEL WEST,2400697,2020-09-04,2020,9,4,1.0,-1.9,-0.5,18.5,0.0,,,
980,-107.82,69.04,CAPE PEEL WEST,2400697,2020-09-05,2020,9,5,0.8,-2.6,-0.9,18.9,0.0,,,
981,-107.82,69.04,CAPE PEEL WEST,2400697,2020-09-06,2020,9,6,1.9,-2.4,-0.2,18.2,0.0,,,
982,-107.82,69.04,CAPE PEEL WEST,2400697,2020-09-07,2020,9,7,2.8,-2.2,0.3,17.7,0.0,,,
983,-107.82,69.04,CAPE PEEL WEST,2400697,2020-09-08,2020,9,8,5.3,1.3,3.3,14.7,0.0,,,
984,-107.82,69.04,CAPE PEEL WEST,2400697,2020-09-09,2020,9,9,3.5,-1.6,1.0,17.0,0.0,,,
985,-107.82,69.04,CAPE PEEL WEST,2400697,2020-09-10,2020,9,10,5.3,-1.9,1.7,16.3,0.0,,,
986,-107.82,69.04,CAPE PEEL WEST,2400697,2020-09-11,2020,9,11,5.0,-1.6,1.7,16.3,0.0,,,
987,-107.82,69.04,CAPE PEEL WEST,2400697,2020-09-12,2020,9,12,3.2,-4.2,-0.5,18.5,0.0,,,
988,-107.82,69.04,CAPE PEEL WEST,2400697,2020-09-13,2020,9,13,-0.2,-4.4,-2.3,20.3,0.0,,,
989,-107.82,69.04,CAPE PEEL WEST,2400697,2020-09-14,2020,9,14,-1.2,-7.7,-4.4,22.4,0.0,,,
990,-107.82,69.04,CAPE PEEL WEST,2400697,2020-09-15,2020,9,15,-2.9,-6.8,-4.8,22.8,0.0,,,
991,-107.82,69.04,CAPE PEEL WEST,2400697,2020-09-16,2020,9,16,0.5,-4.9,-2.2,20.2,0.0,,,
992,-107.82,69.04,CAPE PEEL WEST,2400697,2020-09-17,2020,9,17,1.4,-5.7,-2.2,20.2,0.0,,,
993,-107.82,69.04,CAPE PEEL WEST,2400697,2020-09-18,2020,9,18,-1.7,-6.2,-4.0,22.0,0.0,,,
994,-107.82,69.04,CAPE PEEL WEST,2400697,2020-09-19,2020,9,19,-0.2,-4.2,-2.2,20.2,0.0,,,
995,-107.82,69.04,CAPE PEEL WEST,2400697,2020-09-20,2020,9,20,0.7,-0.7,0.0,18.0,0.0,,,
996,-107.82,69.04,CAPE PEEL WEST,2400697,2020-09-21,2020,9,21,4.0,-1.8,1.1,16.9,0.0,,,
997,-107.82,69.04,CAPE PEEL WEST,2400697,2020-09-22,2020,9,22,0.8,-1.3,-0.3,18.3,0.0,,,
998,-107.82,69.04,CAPE PEEL WEST,2400697,2020-09-23,2020,9,23,1.1,-0.9,0.1,17.9,0.0,,,
999,-107.82,69.04,CAPE PEEL WEST,2400697,2020-09-24,2020,9,24,1.4,-1.4,0.0,18.0,0.0,,,
1000,-107.82,69.04,CAPE PEEL WEST,2400697,2020-09-25,2020,9,25,1.4,-1.3,0.1,17.9,0.0,,,
1001,-107.82,69.04,CAPE PEEL WEST,2400697,2020-09-26,2020,9,26,1.2,0.0,0.6,17.4,0.0,,,
1002,-107.82,69.04,CAPE PEEL WEST,2400697,2020-09-27,2020,9,27,3.1,0.2,1.7,16.3,0.0,,,
1003,-107.82,69.04,CAPE PEEL WEST,2400697,2020-09-28,2020,9,28,3.6,-0.3,1.6,16.4,0.0,,,
1004,-107.82,69.04,CAPE PEEL WEST,2400697,2020-09-29,2020,9,29,1.8,-1.6,0.1,17.9,0.0,,,
1005,-107.82,69.04,CAPE PEEL WEST,2400697,2020-09-30,2020,9,30,1.7,-0.6,0.5,17.5,0.0,,,
1006,-107.82,69.04,CAPE PEEL WEST,2400697,2020-10-01,2020,10,1,1.1,-0.9,0.1,17.9,0.0,,,
1007,-107.82,69.04,CAPE PEEL WEST,2400697,2020-10-02,2020,10,2,0.7,-3.1,-1.2,19.2,0.0,,,
1008,-107.82,69.04,CAPE PEEL WEST,2400697,2020-10-03,2020,10,3,0.2,-4.8,-2.3,20.3,0.0,,,
1009,-107.82,69.04,CAPE PEEL WEST,2400697,2020-10-04,2020,10,4,-2.8,-4.4,-3.6,21.6,0.0,,,
1010,-107.82,69.04,CAPE PEEL WEST,2400697,2020-10-05,2020,10,5,-2.0,-5.4,-3.7,21.7,0.0,,,
1011,-107.82,69.04,CAPE PEEL WEST,2400697,2020-10-06,2020,10,6,-2.9,-8.0,-5.4,23.4,0.0,,,
1012,-107.82,69.04,CAPE PEEL WEST,2400697,2020-10-07,2020,10,7,-4.3,-6.2,-5.3,23.3,0.0,,,
1013,-107.82,69.04,CAPE PEEL WEST,2400697,2020-10-08,2020,10,8,-5.5,-8.4,-6.9,24.9,0.0,,,
1014,-107.82,69.04,CAPE PEEL WEST,2400697,2020-10-09,2020,10,9,-5.8,-11.4,-8.6,26.6,0.0,,,
1015,-107.82,69.04,CAPE PEEL WEST,2400697,2020-10-10,2020,10,10,-2.5,-6.5,-4.5,22.5,0.0,,,
1016,-107.82,69.04,CAPE PEEL WEST,2400697,2020-10-11,2020,10,11,-1.4,-3.9,-2.6,20.6,0.0,,,
1017,-107.82,69.04,CAPE PEEL WEST,2400697,2020-10-12,2020,10,12,-2.0,-4.6,-3.3,21.3,0.0,,,
1018,-107.82,69.04,CAPE PEEL WEST,2400697,2020-10-13,2020,10,13,-4.2,-4.8,-4.5,22.5,0.0,,,
1019,-107.82,69.04,CAPE PEEL WEST,2400697,2020-10-14,2020,10,14,-0.7,-4.4,-2.5,20.5,0.0,,,
1020,-107.82,69.04,CAPE PEEL WEST,2400697,2020-10-15,2020,10,15,-1.3,-4.7,-3.0,21.0,0.0,,,
1021,-107.82,69.04,CAPE PEEL WEST,2400697,2020-10-16,2020,10,16,-2.3,-4.9,-3.6,21.6,0.0,,,
1022,-107.82,69.04,CAPE PEEL WEST,2400697,2020-10-17,2020,10,17,-3.8,-8.9,-6.4,24.4,0.0,,,
1023,-107.82,69.04,CAPE PEEL WEST,2400697,2020-10-18,2020,10,18,-6.2,-7.7,-7.0,25.0,0.0,,,
1024,-107.82,69.04,CAPE PEEL WEST,2400697,2020-10-19,2020,10,19,-6.4,-9.6,-8.0,26.0,0.0,,,
1025,-107.82,69.04,CAPE PEEL WEST,2400697,2020-10-20,2020,10,20,-4.9,-9.5,-7.2,25.2,0.0,,,
1026,-107.82,69.04,CAPE PEEL WEST,2400697,2020-10-21,2020,10,21,-5.4,-14.2,-9.8,27.8,0.0,,,
1027,-107.82,69.04,CAPE PEEL WEST,2400697,2020-10-22,2020,10,22,-4.8,-10.4,-7.6,25.6,0.0,,,
1028,-107.82,69.04,CAPE PEEL WEST,2400697,2020-10-23,2020,10,23,-4.7,-9.1,-6.9,24.9,0.0,,,
1029,-107.82,69.04,CAPE PEEL WEST,2400697,2020-10-24,2020,10,24,-6.6,-13.4,-10.0,28.0,0.0,,,
1030,-107.82,69.04,CAPE PEEL WEST,2400697,2020-10-25,2020,10,25,-3.7,-13.0,-8.3,26.3,0.0,,,
1031,-107.82,69.04,CAPE PEEL WEST,2400697,2020-10-26,2020,10,26,-9.4,-15.5,-12.4,30.4,0.0,,,
1032,-107.82,69.04,CAPE PEEL WEST,2400697,2020-10-27,2020,10,27,-13.5,-20.3,-16.9,34.9,0.0,,,
1033,-107.82,69.04,CAPE PEEL WEST,2400697,2020-10-28,2020,10,28,-9.9,-18.4,-14.2,32.2,0.0,,,
1034,-107.82,69.04,CAPE PEEL WEST,2400697,2020-10-29,2020,10,29,-12.1,-21.3,-16.7,34.7,0.0,,,
1035,-107.82,69.04,CAPE PEEL WEST,2400697,2020-10-30,2020,10,30,-14.7,-21.8,-18.2,36.2,0.0,,,
1036,-107.82,69.04,CAPE PEEL WEST,2400697,2020-10-31,2020,10,31,,,,,,,,
1037,-107.82,69.04,CAPE PEEL WEST,2400697,2020-11-01,2020,11,1,,,,,,,,
1038,-107.82,69.04,CAPE PEEL WEST,2400697,2020-11-02,2020,11,2,,,,,,,,
1039,-107.82,69.04,CAPE PEEL WEST,2400697,2020-11-03,2020,11,3,,,,,,,,
1040,-107.82,69.04,CAPE PEEL WEST,2400697,2020-11-04,2020,11,4,,,,,,,,
1041,-107.82,69.04,CAPE PEEL WEST,2400697,2020-11-05,2020,11,5,,,,,,,,
1042,-107.82,69.04,CAPE PEEL WEST,2400697,2020-11-06,2020,11,6,,,,,,,,
1043,-107.82,69.04,CAPE PEEL WEST,2400697,2020-11-07,2020,11,7,,,,,,,,
1044,-107.82,69.04,CAPE PEEL WEST,2400697,2020-11-08,2020,11,8,,,,,,,,
1045,-107.82,69.04,CAPE PEEL WEST,2400697,2020-11-09,2020,11,9,,,,,,,,
1046,-107.82,69.04,CAPE PEEL WEST,2400697,2020-11-10,2020,11,10,,,,,,,,
1047,-107.82,69.04,CAPE PEEL WEST,2400697,2020-11-11,2020,11,11,,,,,,,,
1048,-107.82,69.04,CAPE PEEL WEST,2400697,2020-11-12,2020,11,12,,,,,,,,
1049,-107.82,69.04,CAPE PEEL WEST,2400697,2020-11-13,2020,11,13,,,,,,,,
1050,-107.82,69.04,CAPE PEEL WEST,2400697,2020-11-14,2020,11,14,,,,,,,,
1051,-107.82,69.04,CAPE PEEL WEST,2400697,2020-11-15,2020,11,15,,,,,,,,
1052,-107.82,69.04,CAPE PEEL WEST,2400697,2020-11-16,2020,11,16,,,,,,,,
1053,-107.82,69.04,CAPE PEEL WEST,2400697,2020-11-17,2020,11,17,,,,,,,,
1054,-107.82,69.04,CAPE PEEL WEST,2400697,2020-11-18,2020,11,18,,,,,,,,
1055,-107.82,69.04,CAPE PEEL WEST,2400697,2020-11-19,2020,11,19,,,,,,,,
1056,-107.82,69.04,CAPE PEEL WEST,2400697,2020-11-20,2020,11,20,,,,,,,,
1057,-107.82,69.04,CAPE PEEL WEST,2400697,2020-11-21,2020,11,21,,,,,,,,
1058,-107.82,69.04,CAPE PEEL WEST,2400697,2020-11-22,2020,11,22,,,,,,,,
1059,-107.82,69.04,CAPE PEEL WEST,2400697,2020-11-23,2020,11,23,,,,,,,,
1060,-107.82,69.04,CAPE PEEL WEST,2400697,2020-11-24,2020,11,24,,,,,,,,
1061,-107.82,69.04,CAPE PEEL WEST,2400697,2020-11-25,2020,11,25,,,,,,,,
1062,-107.82,69.04,CAPE PEEL WEST,2400697,2020-11-26,2020,11,26,,,,,,,,
1063,-107.82,69.04,CAPE PEEL WEST,2400697,2020-11-27,2020,11,27,,,,,,,,
1064,-107.82,69.04,CAPE PEEL WEST,2400697,2020-11-28,2020,11,28,,,,,,,,
1065,-107.82,69.04,CAPE PEEL WEST,2400697,2020-11-29,2020,11,29,,,,,,,,
1066,-107.82,69.04,CAPE PEEL WEST,2400697,2020-11-30,2020,11,30,,,,,,,,
1067,-107.82,69.04,CAPE PEEL WEST,2400697,2020-12-01,2020,12,1,,,,,,,,
1068,-107.82,69.04,CAPE PEEL WEST,2400697,2020-12-02,2020,12,2,,,,,,,,
1069,-107.82,69.04,CAPE PEEL WEST,2400697,2020-12-03,2020,12,3,,,,,,,,
1070,-107.82,69.04,CAPE PEEL WEST,2400697,2020-12-04,2020,12,4,,,,,,,,
1071,-107.82,69.04,CAPE PEEL WEST,2400697,2020-12-05,2020,12,5,,,,,,,,
1072,-107.82,69.04,CAPE PEEL WEST,2400697,2020-12-06,2020,12,6,,,,,,,,
1073,-107.82,69.04,CAPE PEEL WEST,2400697,2020-12-07,2020,12,7,,,,,,,,
1074,-107.82,69.04,CAPE PEEL WEST,2400697,2020-12-08,2020,12,8,,,,,,,,
1075,-107.82,69.04,CAPE PEEL WEST,2400697,2020-12-09,2020,12,9,,,,,,,,
1076,-107.82,69.04,CAPE PEEL WEST,2400697,2020-12-10,2020,12,10,,,,,,,,
1077,-107.82,69.04,CAPE PEEL WEST,2400697,2020-12-11,2020,12,11,,,,,,,,
1078,-107.82,69.04,CAPE PEEL WEST,2400697,2020-12-12,2020,12,12,,,,,,,,
1079,-107.82,69.04,CAPE PEEL WEST,2400697,2020-12-13,2020,12,13,,,,,,,,
1080,-107.82,69.04,CAPE PEEL WEST,2400697,2020-12-14,2020,12,14,,,,,,,,
1081,-107.82,69.04,CAPE PEEL WEST,2400697,2020-12-15,2020,12,15,,,,,,,,
1082,-107.82,69.04,CAPE PEEL WEST,2400697,2020-12-16,2020,12,16,,,,,,,,
1083,-107.82,69.04,CAPE PEEL WEST,2400697,2020-12-17,2020,12,17,,,,,,,,
1084,-107.82,69.04,CAPE PEEL WEST,2400697,2020-12-18,2020,12,18,,,,,,,,
1085,-107.82,69.04,CAPE PEEL WEST,2400697,2020-12-19,2020,12,19,,,,,,,,
1086,-107.82,69.04,CAPE PEEL WEST,2400697,2020-12-20,2020,12,20,,,,,,,,
1087,-107.82,69.04,CAPE PEEL WEST,2400697,2020-12-21,2020,12,21,,,,,,,,
1088,-107.82,69.04,CAPE PEEL WEST,2400697,2020-12-22,2020,12,22,,,,,,,,
1089,-107.82,69.04,CAPE PEEL WEST,2400697,2020-12-23,2020,12,23,,,,,,,,
1090,-107.82,69.04,CAPE PEEL WEST,2400697,2020-12-24,2020,12,24,,,,,,,,
1091,-107.82,69.04,CAPE PEEL WEST,2400697,2020-12-25,2020,12,25,,,,,,,,
1092,-107.82,69.04,CAPE PEEL WEST,2400697,2020-12-26,2020,12,26,,,,,,,,
1093,-107.82,69.04,CAPE PEEL WEST,2400697,2020-12-27,2020,12,27,,,,,,,,
1094,-107.82,69.04,CAPE PEEL WEST,2400697,2020-12-28,2020,12,28,,,,,,,,
1095,-107.82,69.04,CAPE PEEL WEST,2400697,2020-12-29,2020,12,29,,,,,,,,
1096,-107.82,69.04,CAPE PEEL WEST,2400697,2020-12-30,2020,12,30,,,,,,,,
1097,-107.82,69.04,CAPE PEEL WEST,2400697,2020-12-31,2020,12,31,,,,,,,,
